{
  "clean": {
    "mnist": {
      "standard": {
        "mlp": {
          "mean": 0.9766199999999999,
          "std": 0.0010377861051295723
        },
        "cnn": {
          "mean": 0.9868799999999999,
          "std": 0.0014166862743741299
        },
        "lstm": {
          "mean": 0.9759800000000001,
          "std": 0.003787743391519551
        },
        "ltc": {
          "mean": 0.96878,
          "std": 0.0022061278294786117
        }
      },
      "adv_pgd": {
        "mlp": {
          "mean": 0.917,
          "std": 0.002318404623873899
        },
        "cnn": {
          "mean": 0.9755600000000001,
          "std": 0.011163691145853132
        },
        "lstm": {
          "mean": 0.94492,
          "std": 0.006849233533761273
        },
        "ltc": {
          "mean": 0.94518,
          "std": 0.003131613002910793
        }
      }
    },
    "fashion_mnist": {
      "standard": {
        "mlp": {
          "mean": 0.8811199999999999,
          "std": 0.0016991174179555894
        },
        "cnn": {
          "mean": 0.8948600000000001,
          "std": 0.005546440299867998
        },
        "lstm": {
          "mean": 0.87562,
          "std": 0.0026565014586858024
        },
        "ltc": {
          "mean": 0.85884,
          "std": 0.0011058933040759289
        }
      },
      "adv_pgd": {
        "mlp": {
          "mean": 0.7350199999999999,
          "std": 0.008049347799666758
        },
        "cnn": {
          "mean": 0.7939399999999999,
          "std": 0.014523360492668391
        },
        "lstm": {
          "mean": 0.68148,
          "std": 0.011646973855899237
        },
        "ltc": {
          "mean": 0.6689,
          "std": 0.006742032334541282
        }
      }
    },
    "qmnist": {
      "standard": {
        "mlp": {
          "mean": 0.9737166666666667,
          "std": 0.0017814242117536652
        },
        "cnn": {
          "mean": 0.98371,
          "std": 0.0009066574754436255
        },
        "lstm": {
          "mean": 0.9767133333333333,
          "std": 0.0027042507691082164
        },
        "ltc": {
          "mean": 0.9669000000000001,
          "std": 0.0073520216418494185
        }
      },
      "adv_pgd": {
        "mlp": {
          "mean": 0.9108233333333333,
          "std": 0.0037363194902649104
        },
        "cnn": {
          "mean": 0.9613433333333333,
          "std": 0.0372828725198761
        },
        "lstm": {
          "mean": 0.9395866666666667,
          "std": 0.008378621936545157
        },
        "ltc": {
          "mean": 0.9360433333333333,
          "std": 0.006224075120940567
        }
      }
    },
    "cifar10": {
      "standard": {
        "mlp": {
          "mean": 0.48396,
          "std": 0.004563770371085742
        },
        "cnn": {
          "mean": 0.68238,
          "std": 0.006495921797558818
        },
        "lstm": {
          "mean": 0.55772,
          "std": 0.003489555845662891
        },
        "ltc": {
          "mean": 0.49463999999999997,
          "std": 0.009622785459522614
        }
      },
      "adv_pgd": {
        "mlp": {
          "mean": 0.38388000000000005,
          "std": 0.008026643133963288
        },
        "cnn": {
          "mean": 0.5125200000000001,
          "std": 0.015690666015182392
        },
        "lstm": {
          "mean": 0.46462000000000003,
          "std": 0.005314320276385308
        },
        "ltc": {
          "mean": 0.39016,
          "std": 0.005594908399607636
        }
      }
    }
  },
  "pgd_auc": {
    "mnist": {
      "standard": {
        "mlp": {
          "mean": 0.14214444444444446,
          "std": 0.0032953507278821147
        },
        "cnn": {
          "mean": 0.37463888888888897,
          "std": 0.008003423264492326
        },
        "lstm": {
          "mean": 0.16108333333333333,
          "std": 0.01100092939395868
        },
        "ltc": {
          "mean": 0.14527777777777778,
          "std": 0.008256707897742414
        }
      },
      "adv_pgd": {
        "mlp": {
          "mean": 0.5530333333333334,
          "std": 0.004348726221905241
        },
        "cnn": {
          "mean": 0.7461500000000001,
          "std": 0.02235019229624235
        },
        "lstm": {
          "mean": 0.671661111111111,
          "std": 0.016798935794482897
        },
        "ltc": {
          "mean": 0.7123611111111112,
          "std": 0.013252169051438403
        }
      }
    },
    "fashion_mnist": {
      "standard": {
        "mlp": {
          "mean": 0.12065000000000001,
          "std": 0.004694715639766866
        },
        "cnn": {
          "mean": 0.10215555555555556,
          "std": 0.007328586426613642
        },
        "lstm": {
          "mean": 0.12473888888888891,
          "std": 0.006396782563171406
        },
        "ltc": {
          "mean": 0.11651666666666667,
          "std": 0.006222860830323964
        }
      },
      "adv_pgd": {
        "mlp": {
          "mean": 0.47445000000000004,
          "std": 0.005684320268385653
        },
        "cnn": {
          "mean": 0.5750666666666666,
          "std": 0.012408128433997164
        },
        "lstm": {
          "mean": 0.46653333333333336,
          "std": 0.007875022045824532
        },
        "ltc": {
          "mean": 0.45662222222222226,
          "std": 0.008834372755057843
        }
      }
    },
    "qmnist": {
      "standard": {
        "mlp": {
          "mean": 0.14233333333333334,
          "std": 0.0029867247431522672
        },
        "cnn": {
          "mean": 0.3609111111111111,
          "std": 0.026506910058779
        },
        "lstm": {
          "mean": 0.16991111111111115,
          "std": 0.00869292230197349
        },
        "ltc": {
          "mean": 0.14645555555555556,
          "std": 0.014099467527814713
        }
      },
      "adv_pgd": {
        "mlp": {
          "mean": 0.5529666666666667,
          "std": 0.0040651712490312715
        },
        "cnn": {
          "mean": 0.7297944444444444,
          "std": 0.06006356458056292
        },
        "lstm": {
          "mean": 0.6743666666666668,
          "std": 0.01832500231586738
        },
        "ltc": {
          "mean": 0.7036833333333334,
          "std": 0.01886975746832963
        }
      }
    },
    "cifar10": {
      "standard": {
        "mlp": {
          "mean": 0.15756666666666663,
          "std": 0.004709446771000709
        },
        "cnn": {
          "mean": 0.12939666666666666,
          "std": 0.010679012386712332
        },
        "lstm": {
          "mean": 0.15322,
          "std": 0.0036266069235275367
        },
        "ltc": {
          "mean": 0.10960333333333332,
          "std": 0.011778024499512273
        }
      },
      "adv_pgd": {
        "mlp": {
          "mean": 0.26643999999999995,
          "std": 0.009435729966462593
        },
        "cnn": {
          "mean": 0.33176,
          "std": 0.006222747249674651
        },
        "lstm": {
          "mean": 0.3114733333333333,
          "std": 0.007084397959208993
        },
        "ltc": {
          "mean": 0.26325,
          "std": 0.0030910489050374654
        }
      }
    }
  },
  "ltc_minus_lstm_auc": {
    "mnist": {
      "standard": {
        "mean": -0.015805555555555562,
        "std": 0.007715849688773945,
        "ci95_low": -0.0222388888888889,
        "ci95_high": -0.009972222222222238,
        "seed_diffs": [
          -0.011944444444444452,
          -0.006444444444444475,
          -0.027083333333333348,
          -0.01497222222222222,
          -0.018583333333333313
        ]
      },
      "adv_pgd": {
        "mean": 0.04070000000000009,
        "std": 0.024540895573624783,
        "ci95_low": 0.023800000000000064,
        "ci95_high": 0.06140000000000012,
        "seed_diffs": [
          0.026000000000000023,
          0.03400000000000014,
          0.07966666666666677,
          0.04733333333333345,
          0.01650000000000007
        ]
      }
    },