{
  "dataset": "cifar10",
  "defense": "standard",
  "seed": 42,
  "epsilons": [
    0.0,
    0.005,
    0.01,
    0.02,
    0.03,
    0.05
  ],
  "transfer_eps": 0.03,
  "clean": {
    "mlp": 0.4807,
    "cnn": 0.6732,
    "lstm": 0.5556,
    "ltc": 0.4901
  },
  "whitebox": {
    "fgsm": {
      "mlp": {
        "0.0": 0.48033333333333333,
        "0.005": 0.38466666666666666,
        "0.01": 0.298,
        "0.02": 0.15933333333333333,
        "0.03": 0.07533333333333334,
        "0.05": 0.01633333333333333
      },
      "cnn": {
        "0.0": 0.6746666666666666,
        "0.005": 0.46266666666666667,
        "0.01": 0.2996666666666667,
        "0.02": 0.10033333333333333,
        "0.03": 0.029333333333333333,
        "0.05": 0.005
      },
      "lstm": {
        "0.0": 0.5523333333333333,
        "0.005": 0.425,
        "0.01": 0.30866666666666664,
        "0.02": 0.15833333333333333,
        "0.03": 0.092,
        "0.05": 0.03266666666666666
      },
      "ltc": {
        "0.0": 0.49233333333333335,
        "0.005": 0.352,
        "0.01": 0.261,
        "0.02": 0.145,
        "0.03": 0.08866666666666667,
        "0.05": 0.03833333333333333
      }
    },
    "pgd": {
      "mlp": {
        "0.0": 0.48033333333333333,
        "0.005": 0.383,
        "0.01": 0.29,
        "0.02": 0.142,
        "0.03": 0.054,
        "0.05": 0.006333333333333333
      },
      "cnn": {
        "0.0": 0.6746666666666666,
        "0.005": 0.45166666666666666,
        "0.01": 0.25466666666666665,
        "0.02": 0.049666666666666665,
        "0.03": 0.004,
        "0.05": 0.0
      },
      "lstm": {
        "0.0": 0.5523333333333333,
        "0.005": 0.42033333333333334,
        "0.01": 0.29,
        "0.02": 0.11766666666666667,
        "0.03": 0.04466666666666667,
        "0.05": 0.008
      },
      "ltc": {
        "0.0": 0.49233333333333335,
        "0.005": 0.3413333333333333,
        "0.01": 0.221,
        "0.02": 0.086,
        "0.03": 0.029333333333333333,
        "0.05": 0.005
      }
    }
  },
  "transfer": {
    "fgsm": {
      "mlp": {
        "mlp": 0.076,
        "cnn": 0.474,
        "lstm": 0.273,
        "ltc": 0.253
      },
      "cnn": {
        "mlp": 0.3875,
        "cnn": 0.0265,
        "lstm": 0.455,
        "ltc": 0.399
      },
      "lstm": {
        "mlp": 0.257,
        "cnn": 0.4995,
        "lstm": 0.0905,
        "ltc": 0.232
      },
      "ltc": {
        "mlp": 0.3125,
        "cnn": 0.5465,
        "lstm": 0.298,
        "ltc": 0.086
      }
    },
    "pgd": {
      "mlp": {
        "mlp": 0.0525,
        "cnn": 0.4895,
        "lstm": 0.276,
        "ltc": 0.2555
      },
      "cnn": {
        "mlp": 0.3865,
        "cnn": 0.003,
        "lstm": 0.451,
        "ltc": 0.4
      },
      "lstm": {
        "mlp": 0.2585,
        "cnn": 0.521,
        "lstm": 0.0395,
        "ltc": 0.223
      },
      "ltc": {
        "mlp": 0.302,
        "cnn": 0.5435,
        "lstm": 0.2755,
        "ltc": 0.0295
      }
    }
  },
  "efficiency": {
    "mlp": {
      "params": 411146.0,
      "train_seconds": 16.58526866597822,
      "infer_ms_per_sample": 0.02589168281019738
    },
    "cnn": {
      "params": 286442.0,
      "train_seconds": 21.58906820800621,
      "infer_ms_per_sample": 0.033963696284899925
    },
    "lstm": {
      "params": 365066.0,
      "train_seconds": 22.22524020797573,
      "infer_ms_per_sample": 0.02776865234181969
    },
    "ltc": {
      "params": 274442.0,
      "train_seconds": 49.12106637499528,
      "infer_ms_per_sample": 0.0448465331942316
    }
  }
}