{
  "dataset": "cifar10",
  "defense": "standard",
  "seed": 45,
  "epsilons": [
    0.0,
    0.005,
    0.01,
    0.02,
    0.03,
    0.05
  ],
  "transfer_eps": 0.03,
  "clean": {
    "mlp": 0.4852,
    "cnn": 0.6798,
    "lstm": 0.5615,
    "ltc": 0.5063
  },
  "whitebox": {
    "fgsm": {
      "mlp": {
        "0.0": 0.484,
        "0.005": 0.38966666666666666,
        "0.01": 0.29733333333333334,
        "0.02": 0.16033333333333333,
        "0.03": 0.08633333333333333,
        "0.05": 0.020666666666666667
      },
      "cnn": {
        "0.0": 0.6793333333333333,
        "0.005": 0.452,
        "0.01": 0.271,
        "0.02": 0.07966666666666666,
        "0.03": 0.026,
        "0.05": 0.004
      },
      "lstm": {
        "0.0": 0.5566666666666666,
        "0.005": 0.42433333333333334,
        "0.01": 0.30966666666666665,
        "0.02": 0.16233333333333333,
        "0.03": 0.086,
        "0.05": 0.036
      },
      "ltc": {
        "0.0": 0.504,
        "0.005": 0.33666666666666667,
        "0.01": 0.22533333333333333,
        "0.02": 0.10933333333333334,
        "0.03": 0.056666666666666664,
        "0.05": 0.021333333333333333
      }
    },
    "pgd": {
      "mlp": {
        "0.0": 0.484,
        "0.005": 0.3883333333333333,
        "0.01": 0.291,
        "0.02": 0.144,
        "0.03": 0.058666666666666666,
        "0.05": 0.008666666666666666
      },
      "cnn": {
        "0.0": 0.6793333333333333,
        "0.005": 0.44,
        "0.01": 0.22633333333333333,
        "0.02": 0.032,
        "0.03": 0.002,
        "0.05": 0.0
      },
      "lstm": {
        "0.0": 0.5566666666666666,
        "0.005": 0.4226666666666667,
        "0.01": 0.2896666666666667,
        "0.02": 0.11433333333333333,
        "0.03": 0.04133333333333333,
        "0.05": 0.004
      },
      "ltc": {
        "0.0": 0.504,
        "0.005": 0.32066666666666666,
        "0.01": 0.173,
        "0.02": 0.034333333333333334,
        "0.03": 0.008666666666666666,
        "0.05": 0.0006666666666666666
      }
    }
  },
  "transfer": {
    "fgsm": {
      "mlp": {
        "mlp": 0.087,
        "cnn": 0.487,
        "lstm": 0.286,
        "ltc": 0.2945
      },
      "cnn": {
        "mlp": 0.4,
        "cnn": 0.0255,
        "lstm": 0.459,
        "ltc": 0.423
      },
      "lstm": {
        "mlp": 0.2755,
        "cnn": 0.5175,
        "lstm": 0.089,
        "ltc": 0.246
      },
      "ltc": {
        "mlp": 0.3435,
        "cnn": 0.5775,
        "lstm": 0.3225,
        "ltc": 0.053
      }
    },
    "pgd": {
      "mlp": {
        "mlp": 0.0615,
        "cnn": 0.5,
        "lstm": 0.2805,
        "ltc": 0.2945
      },
      "cnn": {
        "mlp": 0.393,
        "cnn": 0.0025,
        "lstm": 0.4515,
        "ltc": 0.4215
      },
      "lstm": {
        "mlp": 0.2805,
        "cnn": 0.532,
        "lstm": 0.041,
        "ltc": 0.231
      },
      "ltc": {
        "mlp": 0.327,
        "cnn": 0.582,
        "lstm": 0.298,
        "ltc": 0.01
      }
    }
  },
  "efficiency": {
    "mlp": {
      "params": 411146.0,
      "train_seconds": 16.48438670899486,
      "infer_ms_per_sample": 0.026858284570607793
    },
    "cnn": {
      "params": 286442.0,
      "train_seconds": 21.400052374985535,
      "infer_ms_per_sample": 0.029635481837431144
    },
    "lstm": {
      "params": 365066.0,
      "train_seconds": 21.76899495901307,
      "infer_ms_per_sample": 0.028469148833210056
    },
    "ltc": {
      "params": 274442.0,
      "train_seconds": 49.46817225002451,
      "infer_ms_per_sample": 0.04542941894669639
    }
  }
}