{
  "dataset": "cifar10",
  "defense": "adv_pgd",
  "seed": 42,
  "epsilons": [
    0.0,
    0.005,
    0.01,
    0.02,
    0.03,
    0.05
  ],
  "transfer_eps": 0.03,
  "clean": {
    "mlp": 0.386,
    "cnn": 0.5008,
    "lstm": 0.463,
    "ltc": 0.3879
  },
  "whitebox": {
    "fgsm": {
      "mlp": {
        "0.0": 0.402,
        "0.005": 0.37066666666666664,
        "0.01": 0.3416666666666667,
        "0.02": 0.2916666666666667,
        "0.03": 0.243,
        "0.05": 0.158
      },
      "cnn": {
        "0.0": 0.5053333333333333,
        "0.005": 0.4696666666666667,
        "0.01": 0.43466666666666665,
        "0.02": 0.35933333333333334,
        "0.03": 0.2896666666666667,
        "0.05": 0.182
      },
      "lstm": {
        "0.0": 0.4673333333333333,
        "0.005": 0.43866666666666665,
        "0.01": 0.4083333333333333,
        "0.02": 0.354,
        "0.03": 0.28933333333333333,
        "0.05": 0.19
      },
      "ltc": {
        "0.0": 0.38433333333333336,
        "0.005": 0.3616666666666667,
        "0.01": 0.3353333333333333,
        "0.02": 0.2886666666666667,
        "0.03": 0.23833333333333334,
        "0.05": 0.15333333333333332
      }
    },
    "pgd": {
      "mlp": {
        "0.0": 0.402,
        "0.005": 0.37133333333333335,
        "0.01": 0.3413333333333333,
        "0.02": 0.29,
        "0.03": 0.23866666666666667,
        "0.05": 0.148
      },
      "cnn": {
        "0.0": 0.5053333333333333,
        "0.005": 0.4693333333333333,
        "0.01": 0.433,
        "0.02": 0.35,
        "0.03": 0.2823333333333333,
        "0.05": 0.158
      },
      "lstm": {
        "0.0": 0.4673333333333333,
        "0.005": 0.43866666666666665,
        "0.01": 0.409,
        "0.02": 0.354,
        "0.03": 0.2866666666666667,
        "0.05": 0.17433333333333334
      },
      "ltc": {
        "0.0": 0.38433333333333336,
        "0.005": 0.36233333333333334,
        "0.01": 0.3353333333333333,
        "0.02": 0.29,
        "0.03": 0.23833333333333334,
        "0.05": 0.15033333333333335
      }
    }
  },
  "transfer": {
    "fgsm": {
      "mlp": {
        "mlp": 0.2425,
        "cnn": 0.4195,
        "lstm": 0.3795,
        "ltc": 0.3045
      },
      "cnn": {
        "mlp": 0.326,
        "cnn": 0.292,
        "lstm": 0.3845,
        "ltc": 0.318
      },
      "lstm": {
        "mlp": 0.303,
        "cnn": 0.408,
        "lstm": 0.2915,
        "ltc": 0.287
      },
      "ltc": {
        "mlp": 0.305,
        "cnn": 0.424,
        "lstm": 0.36,
        "ltc": 0.2375
      }
    },
    "pgd": {
      "mlp": {
        "mlp": 0.237,
        "cnn": 0.422,
        "lstm": 0.378,
        "ltc": 0.3075
      },
      "cnn": {
        "mlp": 0.3225,
        "cnn": 0.282,
        "lstm": 0.385,
        "ltc": 0.3155
      },
      "lstm": {
        "mlp": 0.301,
        "cnn": 0.4075,
        "lstm": 0.2915,
        "ltc": 0.2825
      },
      "ltc": {
        "mlp": 0.305,
        "cnn": 0.4285,
        "lstm": 0.361,
        "ltc": 0.2375
      }
    }
  },
  "efficiency": {
    "mlp": {
      "params": 411146.0,
      "train_seconds": 11.999062291986775,
      "infer_ms_per_sample": 0.02797082520373806
    },
    "cnn": {
      "params": 286442.0,
      "train_seconds": 22.094875040987972,
      "infer_ms_per_sample": 0.03117875156704031
    },
    "lstm": {
      "params": 365066.0,
      "train_seconds": 25.848308874992654,
      "infer_ms_per_sample": 0.030389160156119033
    },
    "ltc": {
      "params": 274442.0,
      "train_seconds": 70.30712695803959,
      "infer_ms_per_sample": 0.042802978521194746
    }
  }
}