{
  "dataset": "cifar10",
  "defense": "adv_pgd",
  "seed": 45,
  "epsilons": [
    0.0,
    0.005,
    0.01,
    0.02,
    0.03,
    0.05
  ],
  "transfer_eps": 0.03,
  "clean": {
    "mlp": 0.393,
    "cnn": 0.4912,
    "lstm": 0.4563,
    "ltc": 0.389
  },
  "whitebox": {
    "fgsm": {
      "mlp": {
        "0.0": 0.4013333333333333,
        "0.005": 0.37633333333333335,
        "0.01": 0.355,
        "0.02": 0.30033333333333334,
        "0.03": 0.255,
        "0.05": 0.17033333333333334
      },
      "cnn": {
        "0.0": 0.5013333333333333,
        "0.005": 0.465,
        "0.01": 0.435,
        "0.02": 0.36133333333333334,
        "0.03": 0.30766666666666664,
        "0.05": 0.20666666666666667
      },
      "lstm": {
        "0.0": 0.4593333333333333,
        "0.005": 0.429,
        "0.01": 0.3933333333333333,
        "0.02": 0.3323333333333333,
        "0.03": 0.2653333333333333,
        "0.05": 0.172
      },
      "ltc": {
        "0.0": 0.38533333333333336,
        "0.005": 0.35733333333333334,
        "0.01": 0.33266666666666667,
        "0.02": 0.2833333333333333,
        "0.03": 0.23633333333333334,
        "0.05": 0.15533333333333332
      }
    },
    "pgd": {
      "mlp": {
        "0.0": 0.4013333333333333,
        "0.005": 0.37633333333333335,
        "0.01": 0.3546666666666667,
        "0.02": 0.29933333333333334,
        "0.03": 0.25166666666666665,
        "0.05": 0.16166666666666665
      },
      "cnn": {
        "0.0": 0.5013333333333333,
        "0.005": 0.4653333333333333,
        "0.01": 0.43266666666666664,
        "0.02": 0.361,
        "0.03": 0.294,
        "0.05": 0.17766666666666667
      },
      "lstm": {
        "0.0": 0.4593333333333333,
        "0.005": 0.42866666666666664,
        "0.01": 0.3933333333333333,
        "0.02": 0.3333333333333333,
        "0.03": 0.2643333333333333,
        "0.05": 0.15266666666666667
      },
      "ltc": {
        "0.0": 0.38533333333333336,
        "0.005": 0.358,
        "0.01": 0.334,
        "0.02": 0.2826666666666667,
        "0.03": 0.23566666666666666,
        "0.05": 0.14133333333333334
      }
    }
  },
  "transfer": {
    "fgsm": {
      "mlp": {
        "mlp": 0.2625,
        "cnn": 0.4195,
        "lstm": 0.358,
        "ltc": 0.312
      },
      "cnn": {
        "mlp": 0.3355,
        "cnn": 0.308,
        "lstm": 0.3695,
        "ltc": 0.313
      },
      "lstm": {
        "mlp": 0.3075,
        "cnn": 0.4015,
        "lstm": 0.265,
        "ltc": 0.287
      },
      "ltc": {
        "mlp": 0.3195,
        "cnn": 0.426,
        "lstm": 0.339,
        "ltc": 0.241
      }
    },
    "pgd": {
      "mlp": {
        "mlp": 0.2585,
        "cnn": 0.418,
        "lstm": 0.3605,
        "ltc": 0.312
      },
      "cnn": {
        "mlp": 0.336,
        "cnn": 0.2945,
        "lstm": 0.369,
        "ltc": 0.31
      },
      "lstm": {
        "mlp": 0.3095,
        "cnn": 0.402,
        "lstm": 0.2645,
        "ltc": 0.288
      },
      "ltc": {
        "mlp": 0.3215,
        "cnn": 0.431,
        "lstm": 0.3425,
        "ltc": 0.242
      }
    }
  },
  "efficiency": {
    "mlp": {
      "params": 411146.0,
      "train_seconds": 11.826072874944657,
      "infer_ms_per_sample": 0.025732926565069647
    },
    "cnn": {
      "params": 286442.0,
      "train_seconds": 20.838574833003804,
      "infer_ms_per_sample": 0.029850244141016447
    },
    "lstm": {
      "params": 365066.0,
      "train_seconds": 23.680711166991387,
      "infer_ms_per_sample": 0.029179638670484564
    },
    "ltc": {
      "params": 274442.0,
      "train_seconds": 68.1527113749762,
      "infer_ms_per_sample": 0.042778417969202565
    }
  }
}