{
  "dataset": "cifar10",
  "defense": "standard",
  "seed": 41,
  "epsilons": [
    0.0,
    0.005,
    0.01,
    0.02,
    0.03,
    0.05
  ],
  "transfer_eps": 0.03,
  "clean": {
    "mlp": 0.4789,
    "cnn": 0.6909,
    "lstm": 0.5598,
    "ltc": 0.4967
  },
  "whitebox": {
    "fgsm": {
      "mlp": {
        "0.0": 0.481,
        "0.005": 0.38566666666666666,
        "0.01": 0.29433333333333334,
        "0.02": 0.15433333333333332,
        "0.03": 0.088,
        "0.05": 0.023666666666666666
      },
      "cnn": {
        "0.0": 0.693,
        "0.005": 0.49233333333333335,
        "0.01": 0.3293333333333333,
        "0.02": 0.12133333333333333,
        "0.03": 0.044,
        "0.05": 0.006333333333333333
      },
      "lstm": {
        "0.0": 0.559,
        "0.005": 0.42766666666666664,
        "0.01": 0.30966666666666665,
        "0.02": 0.166,
        "0.03": 0.09066666666666667,
        "0.05": 0.030666666666666665
      },
      "ltc": {
        "0.0": 0.499,
        "0.005": 0.337,
        "0.01": 0.23133333333333334,
        "0.02": 0.11933333333333333,
        "0.03": 0.06766666666666667,
        "0.05": 0.03
      }
    },
    "pgd": {
      "mlp": {
        "0.0": 0.481,
        "0.005": 0.38366666666666666,
        "0.01": 0.28933333333333333,
        "0.02": 0.139,
        "0.03": 0.06933333333333333,
        "0.05": 0.014
      },
      "cnn": {
        "0.0": 0.693,
        "0.005": 0.4816666666666667,
        "0.01": 0.296,
        "0.02": 0.06566666666666666,
        "0.03": 0.009,
        "0.05": 0.0003333333333333333
      },
      "lstm": {
        "0.0": 0.559,
        "0.005": 0.424,
        "0.01": 0.293,
        "0.02": 0.12033333333333333,
        "0.03": 0.044,
        "0.05": 0.005
      },
      "ltc": {
        "0.0": 0.499,
        "0.005": 0.319,
        "0.01": 0.19133333333333333,
        "0.02": 0.06233333333333333,
        "0.03": 0.02033333333333333,
        "0.05": 0.002
      }
    }
  },
  "transfer": {
    "fgsm": {
      "mlp": {
        "mlp": 0.0895,
        "cnn": 0.4945,
        "lstm": 0.29,
        "ltc": 0.255
      },
      "cnn": {
        "mlp": 0.378,
        "cnn": 0.0425,
        "lstm": 0.4545,
        "ltc": 0.3835
      },
      "lstm": {
        "mlp": 0.276,
        "cnn": 0.5195,
        "lstm": 0.0915,
        "ltc": 0.236
      },
      "ltc": {
        "mlp": 0.3245,
        "cnn": 0.566,
        "lstm": 0.31,
        "ltc": 0.0625
      }
    },
    "pgd": {
      "mlp": {
        "mlp": 0.069,
        "cnn": 0.501,
        "lstm": 0.297,
        "ltc": 0.2605
      },
      "cnn": {
        "mlp": 0.3745,
        "cnn": 0.0085,
        "lstm": 0.4465,
        "ltc": 0.385
      },
      "lstm": {
        "mlp": 0.272,
        "cnn": 0.524,
        "lstm": 0.046,
        "ltc": 0.2235
      },
      "ltc": {
        "mlp": 0.322,
        "cnn": 0.5645,
        "lstm": 0.302,
        "ltc": 0.022
      }
    }
  },
  "efficiency": {
    "mlp": {
      "params": 411146.0,
      "train_seconds": 17.164876458002254,
      "infer_ms_per_sample": 0.026916064450688282
    },
    "cnn": {
      "params": 286442.0,
      "train_seconds": 21.89952750003431,
      "infer_ms_per_sample": 0.03010586757454803
    },
    "lstm": {
      "params": 365066.0,
      "train_seconds": 22.411041208019014,
      "infer_ms_per_sample": 0.027585579300648533
    },
    "ltc": {
      "params": 274442.0,
      "train_seconds": 49.365931375010405,
      "infer_ms_per_sample": 0.043730891991344834
    }
  }
}