{
  "dataset": "cifar10",
  "defense": "standard",
  "seed": 44,
  "epsilons": [
    0.0,
    0.005,
    0.01,
    0.02,
    0.03,
    0.05
  ],
  "transfer_eps": 0.03,
  "clean": {
    "mlp": 0.4907,
    "cnn": 0.6841,
    "lstm": 0.5589,
    "ltc": 0.4992
  },
  "whitebox": {
    "fgsm": {
      "mlp": {
        "0.0": 0.48933333333333334,
        "0.005": 0.389,
        "0.01": 0.30533333333333335,
        "0.02": 0.17066666666666666,
        "0.03": 0.1,
        "0.05": 0.024666666666666667
      },
      "cnn": {
        "0.0": 0.6773333333333333,
        "0.005": 0.454,
        "0.01": 0.273,
        "0.02": 0.08533333333333333,
        "0.03": 0.023333333333333334,
        "0.05": 0.005
      },
      "lstm": {
        "0.0": 0.561,
        "0.005": 0.42533333333333334,
        "0.01": 0.322,
        "0.02": 0.17,
        "0.03": 0.09933333333333333,
        "0.05": 0.03266666666666666
      },
      "ltc": {
        "0.0": 0.5013333333333333,
        "0.005": 0.36633333333333334,
        "0.01": 0.26366666666666666,
        "0.02": 0.141,
        "0.03": 0.08733333333333333,
        "0.05": 0.036
      }
    },
    "pgd": {
      "mlp": {
        "0.0": 0.48933333333333334,
        "0.005": 0.3893333333333333,
        "0.01": 0.30133333333333334,
        "0.02": 0.15733333333333333,
        "0.03": 0.07133333333333333,
        "0.05": 0.011666666666666667
      },
      "cnn": {
        "0.0": 0.6773333333333333,
        "0.005": 0.43566666666666665,
        "0.01": 0.228,
        "0.02": 0.03666666666666667,
        "0.03": 0.002,
        "0.05": 0.0
      },
      "lstm": {
        "0.0": 0.561,
        "0.005": 0.42233333333333334,
        "0.01": 0.30933333333333335,
        "0.02": 0.133,
        "0.03": 0.05,
        "0.05": 0.005
      },
      "ltc": {
        "0.0": 0.5013333333333333,
        "0.005": 0.35833333333333334,
        "0.01": 0.23433333333333334,
        "0.02": 0.086,
        "0.03": 0.028333333333333332,
        "0.05": 0.0026666666666666666
      }
    }
  },
  "transfer": {
    "fgsm": {
      "mlp": {
        "mlp": 0.101,
        "cnn": 0.4785,
        "lstm": 0.2815,
        "ltc": 0.26
      },
      "cnn": {
        "mlp": 0.406,
        "cnn": 0.0205,
        "lstm": 0.456,
        "ltc": 0.4065
      },
      "lstm": {
        "mlp": 0.276,
        "cnn": 0.499,
        "lstm": 0.0955,
        "ltc": 0.2125
      },
      "ltc": {
        "mlp": 0.319,
        "cnn": 0.548,
        "lstm": 0.2855,
        "ltc": 0.088
      }
    },
    "pgd": {
      "mlp": {
        "mlp": 0.071,
        "cnn": 0.4855,
        "lstm": 0.2765,
        "ltc": 0.266
      },
      "cnn": {
        "mlp": 0.4,
        "cnn": 0.002,
        "lstm": 0.451,
        "ltc": 0.4015
      },
      "lstm": {
        "mlp": 0.2715,
        "cnn": 0.505,
        "lstm": 0.049,
        "ltc": 0.196
      },
      "ltc": {
        "mlp": 0.305,
        "cnn": 0.542,
        "lstm": 0.2815,
        "ltc": 0.03
      }
    }
  },
  "efficiency": {
    "mlp": {
      "params": 411146.0,
      "train_seconds": 16.94505483302055,
      "infer_ms_per_sample": 0.027434415619609354
    },
    "cnn": {
      "params": 286442.0,
      "train_seconds": 21.83395041699987,
      "infer_ms_per_sample": 0.031078190033895225
    },
    "lstm": {
      "params": 365066.0,
      "train_seconds": 22.66266958299093,
      "infer_ms_per_sample": 0.0289762042939401
    },
    "ltc": {
      "params": 274442.0,
      "train_seconds": 50.29621512501035,
      "infer_ms_per_sample": 0.04591742363118101
    }
  }
}