{
  "dataset": "cifar10",
  "defense": "adv_pgd",
  "seed": 44,
  "epsilons": [
    0.0,
    0.005,
    0.01,
    0.02,
    0.03,
    0.05
  ],
  "transfer_eps": 0.03,
  "clean": {
    "mlp": 0.3819,
    "cnn": 0.5269,
    "lstm": 0.469,
    "ltc": 0.397
  },
  "whitebox": {
    "fgsm": {
      "mlp": {
        "0.0": 0.379,
        "0.005": 0.3536666666666667,
        "0.01": 0.323,
        "0.02": 0.27566666666666667,
        "0.03": 0.222,
        "0.05": 0.15066666666666667
      },
      "cnn": {
        "0.0": 0.5406666666666666,
        "0.005": 0.49733333333333335,
        "0.01": 0.454,
        "0.02": 0.378,
        "0.03": 0.312,
        "0.05": 0.18366666666666667
      },
      "lstm": {
        "0.0": 0.476,
        "0.005": 0.44,
        "0.01": 0.4066666666666667,
        "0.02": 0.3416666666666667,
        "0.03": 0.2773333333333333,
        "0.05": 0.17866666666666667
      },
      "ltc": {
        "0.0": 0.39166666666666666,
        "0.005": 0.36733333333333335,
        "0.01": 0.3413333333333333,
        "0.02": 0.29033333333333333,
        "0.03": 0.233,
        "0.05": 0.15566666666666668
      }
    },
    "pgd": {
      "mlp": {
        "0.0": 0.379,
        "0.005": 0.35433333333333333,
        "0.01": 0.3243333333333333,
        "0.02": 0.274,
        "0.03": 0.22,
        "0.05": 0.14133333333333334
      },
      "cnn": {
        "0.0": 0.5406666666666666,
        "0.005": 0.49633333333333335,
        "0.01": 0.45066666666666666,
        "0.02": 0.37533333333333335,
        "0.03": 0.2906666666666667,
        "0.05": 0.154
      },
      "lstm": {
        "0.0": 0.476,
        "0.005": 0.44066666666666665,
        "0.01": 0.4076666666666667,
        "0.02": 0.3426666666666667,
        "0.03": 0.274,
        "0.05": 0.16033333333333333
      },
      "ltc": {
        "0.0": 0.39166666666666666,
        "0.005": 0.36766666666666664,
        "0.01": 0.342,
        "0.02": 0.291,
        "0.03": 0.23166666666666666,
        "0.05": 0.143
      }
    }
  },
  "transfer": {
    "fgsm": {
      "mlp": {
        "mlp": 0.224,
        "cnn": 0.445,
        "lstm": 0.3745,
        "ltc": 0.3145
      },
      "cnn": {
        "mlp": 0.3105,
        "cnn": 0.3165,
        "lstm": 0.3725,
        "ltc": 0.3165
      },
      "lstm": {
        "mlp": 0.289,
        "cnn": 0.4195,
        "lstm": 0.2755,
        "ltc": 0.282
      },
      "ltc": {
        "mlp": 0.298,
        "cnn": 0.452,
        "lstm": 0.3605,
        "ltc": 0.23
      }
    },
    "pgd": {
      "mlp": {
        "mlp": 0.223,
        "cnn": 0.446,
        "lstm": 0.376,
        "ltc": 0.3115
      },
      "cnn": {
        "mlp": 0.312,
        "cnn": 0.2975,
        "lstm": 0.369,
        "ltc": 0.3105
      },
      "lstm": {
        "mlp": 0.2885,
        "cnn": 0.424,
        "lstm": 0.272,
        "ltc": 0.278
      },
      "ltc": {
        "mlp": 0.297,
        "cnn": 0.4535,
        "lstm": 0.3575,
        "ltc": 0.2305
      }
    }
  },
  "efficiency": {
    "mlp": {
      "params": 411146.0,
      "train_seconds": 12.048972791002598,
      "infer_ms_per_sample": 0.02631643886843449
    },
    "cnn": {
      "params": 286442.0,
      "train_seconds": 21.08752637496218,
      "infer_ms_per_sample": 0.031216951560963935
    },
    "lstm": {
      "params": 365066.0,
      "train_seconds": 24.19906600000104,
      "infer_ms_per_sample": 0.028409236529114423
    },
    "ltc": {
      "params": 274442.0,
      "train_seconds": 68.8077676660032,
      "infer_ms_per_sample": 0.042001367182820104
    }
  }
}