{
  "dataset": "cifar10",
  "defense": "adv_pgd",
  "seed": 41,
  "epsilons": [
    0.0,
    0.005,
    0.01,
    0.02,
    0.03,
    0.05
  ],
  "transfer_eps": 0.03,
  "clean": {
    "mlp": 0.3871,
    "cnn": 0.5243,
    "lstm": 0.4692,
    "ltc": 0.3942
  },
  "whitebox": {
    "fgsm": {
      "mlp": {
        "0.0": 0.39966666666666667,
        "0.005": 0.36966666666666664,
        "0.01": 0.3436666666666667,
        "0.02": 0.29133333333333333,
        "0.03": 0.243,
        "0.05": 0.161
      },
      "cnn": {
        "0.0": 0.5243333333333333,
        "0.005": 0.484,
        "0.01": 0.44266666666666665,
        "0.02": 0.362,
        "0.03": 0.2876666666666667,
        "0.05": 0.18033333333333335
      },
      "lstm": {
        "0.0": 0.483,
        "0.005": 0.4503333333333333,
        "0.01": 0.4156666666666667,
        "0.02": 0.342,
        "0.03": 0.278,
        "0.05": 0.176
      },
      "ltc": {
        "0.0": 0.39,
        "0.005": 0.36433333333333334,
        "0.01": 0.3373333333333333,
        "0.02": 0.28633333333333333,
        "0.03": 0.242,
        "0.05": 0.17166666666666666
      }
    },
    "pgd": {
      "mlp": {
        "0.0": 0.39966666666666667,
        "0.005": 0.36966666666666664,
        "0.01": 0.3443333333333333,
        "0.02": 0.29133333333333333,
        "0.03": 0.23533333333333334,
        "0.05": 0.15033333333333335
      },
      "cnn": {
        "0.0": 0.5243333333333333,
        "0.005": 0.484,
        "0.01": 0.442,
        "0.02": 0.3566666666666667,
        "0.03": 0.2803333333333333,
        "0.05": 0.15666666666666668
      },
      "lstm": {
        "0.0": 0.483,
        "0.005": 0.45066666666666666,
        "0.01": 0.41633333333333333,
        "0.02": 0.3426666666666667,
        "0.03": 0.2743333333333333,
        "0.05": 0.16333333333333333
      },
      "ltc": {
        "0.0": 0.39,
        "0.005": 0.36433333333333334,
        "0.01": 0.337,
        "0.02": 0.28633333333333333,
        "0.03": 0.23866666666666667,
        "0.05": 0.15733333333333333
      }
    }
  },
  "transfer": {
    "fgsm": {
      "mlp": {
        "mlp": 0.2465,
        "cnn": 0.4285,
        "lstm": 0.375,
        "ltc": 0.3165
      },
      "cnn": {
        "mlp": 0.332,
        "cnn": 0.282,
        "lstm": 0.389,
        "ltc": 0.3235
      },
      "lstm": {
        "mlp": 0.3015,
        "cnn": 0.403,
        "lstm": 0.2845,
        "ltc": 0.2915
      },
      "ltc": {
        "mlp": 0.312,
        "cnn": 0.4315,
        "lstm": 0.362,
        "ltc": 0.2445
      }
    },
    "pgd": {
      "mlp": {
        "mlp": 0.2385,
        "cnn": 0.426,
        "lstm": 0.3765,
        "ltc": 0.314
      },
      "cnn": {
        "mlp": 0.3325,
        "cnn": 0.275,
        "lstm": 0.388,
        "ltc": 0.321
      },
      "lstm": {
        "mlp": 0.305,
        "cnn": 0.4045,
        "lstm": 0.2825,
        "ltc": 0.29
      },
      "ltc": {
        "mlp": 0.3095,
        "cnn": 0.437,
        "lstm": 0.3625,
        "ltc": 0.241
      }
    }
  },
  "efficiency": {
    "mlp": {
      "params": 411146.0,
      "train_seconds": 12.38659737497801,
      "infer_ms_per_sample": 0.026688476566505415
    },
    "cnn": {
      "params": 286442.0,
      "train_seconds": 21.981501457979903,
      "infer_ms_per_sample": 0.03273895664506199
    },
    "lstm": {
      "params": 365066.0,
      "train_seconds": 26.08308254199801,
      "infer_ms_per_sample": 0.03163627928870483
    },
    "ltc": {
      "params": 274442.0,
      "train_seconds": 72.70003520802129,
      "infer_ms_per_sample": 0.04412236328334984
    }
  }
}