{
  "dataset": "cifar10",
  "defense": "adv_pgd",
  "seed": 43,
  "epsilons": [
    0.0,
    0.005,
    0.01,
    0.02,
    0.03,
    0.05
  ],
  "transfer_eps": 0.03,
  "clean": {
    "mlp": 0.3714,
    "cnn": 0.5194,
    "lstm": 0.4656,
    "ltc": 0.3827
  },
  "whitebox": {
    "fgsm": {
      "mlp": {
        "0.0": 0.38333333333333336,
        "0.005": 0.358,
        "0.01": 0.334,
        "0.02": 0.28933333333333333,
        "0.03": 0.24866666666666667,
        "0.05": 0.16066666666666668
      },
      "cnn": {
        "0.0": 0.5223333333333333,
        "0.005": 0.4816666666666667,
        "0.01": 0.44633333333333336,
        "0.02": 0.37833333333333335,
        "0.03": 0.30933333333333335,
        "0.05": 0.19466666666666665
      },
      "lstm": {
        "0.0": 0.462,
        "0.005": 0.434,
        "0.01": 0.4046666666666667,
        "0.02": 0.3373333333333333,
        "0.03": 0.277,
        "0.05": 0.179
      },
      "ltc": {
        "0.0": 0.379,
        "0.005": 0.351,
        "0.01": 0.33266666666666667,
        "0.02": 0.2836666666666667,
        "0.03": 0.23366666666666666,
        "0.05": 0.15633333333333332
      }
    },
    "pgd": {
      "mlp": {
        "0.0": 0.38333333333333336,
        "0.005": 0.3576666666666667,
        "0.01": 0.3333333333333333,
        "0.02": 0.288,
        "0.03": 0.24666666666666667,
        "0.05": 0.149
      },
      "cnn": {
        "0.0": 0.5223333333333333,
        "0.005": 0.48133333333333334,
        "0.01": 0.445,
        "0.02": 0.37166666666666665,
        "0.03": 0.2956666666666667,
        "0.05": 0.16933333333333334
      },
      "lstm": {
        "0.0": 0.462,
        "0.005": 0.43433333333333335,
        "0.01": 0.4046666666666667,
        "0.02": 0.33566666666666667,
        "0.03": 0.273,
        "0.05": 0.16266666666666665
      },
      "ltc": {
        "0.0": 0.379,
        "0.005": 0.351,
        "0.01": 0.33166666666666667,
        "0.02": 0.2826666666666667,
        "0.03": 0.23233333333333334,
        "0.05": 0.14733333333333334
      }
    }
  },
  "transfer": {
    "fgsm": {
      "mlp": {
        "mlp": 0.2525,
        "cnn": 0.4315,
        "lstm": 0.3605,
        "ltc": 0.295
      },
      "cnn": {
        "mlp": 0.32,
        "cnn": 0.3155,
        "lstm": 0.37,
        "ltc": 0.316
      },
      "lstm": {
        "mlp": 0.299,
        "cnn": 0.4215,
        "lstm": 0.2755,
        "ltc": 0.282
      },
      "ltc": {
        "mlp": 0.3045,
        "cnn": 0.4405,
        "lstm": 0.3535,
        "ltc": 0.236
      }
    },
    "pgd": {
      "mlp": {
        "mlp": 0.2515,
        "cnn": 0.4305,
        "lstm": 0.3585,
        "ltc": 0.2985
      },
      "cnn": {
        "mlp": 0.319,
        "cnn": 0.3005,
        "lstm": 0.374,
        "ltc": 0.3145
      },
      "lstm": {
        "mlp": 0.296,
        "cnn": 0.4235,
        "lstm": 0.273,
        "ltc": 0.285
      },
      "ltc": {
        "mlp": 0.3045,
        "cnn": 0.441,
        "lstm": 0.3545,
        "ltc": 0.235
      }
    }
  },
  "efficiency": {
    "mlp": {
      "params": 411146.0,
      "train_seconds": 11.914979874971323,
      "infer_ms_per_sample": 0.025794580074034457
    },
    "cnn": {
      "params": 286442.0,
      "train_seconds": 21.60721825005021,
      "infer_ms_per_sample": 0.031572110935940145
    },
    "lstm": {
      "params": 365066.0,
      "train_seconds": 25.412789000023622,
      "infer_ms_per_sample": 0.028655615233219578
    },
    "ltc": {
      "params": 274442.0,
      "train_seconds": 70.01367491704877,
      "infer_ms_per_sample": 0.04256572265148861
    }
  }
}