{
  "dataset": "cifar10",
  "defense": "standard",
  "seed": 43,
  "epsilons": [
    0.0,
    0.005,
    0.01,
    0.02,
    0.03,
    0.05
  ],
  "transfer_eps": 0.03,
  "clean": {
    "mlp": 0.4843,
    "cnn": 0.6839,
    "lstm": 0.5528,
    "ltc": 0.4809
  },
  "whitebox": {
    "fgsm": {
      "mlp": {
        "0.0": 0.49366666666666664,
        "0.005": 0.402,
        "0.01": 0.31266666666666665,
        "0.02": 0.163,
        "0.03": 0.07933333333333334,
        "0.05": 0.019666666666666666
      },
      "cnn": {
        "0.0": 0.6863333333333334,
        "0.005": 0.48233333333333334,
        "0.01": 0.31833333333333336,
        "0.02": 0.11433333333333333,
        "0.03": 0.043,
        "0.05": 0.005333333333333333
      },
      "lstm": {
        "0.0": 0.5423333333333333,
        "0.005": 0.427,
        "0.01": 0.31933333333333336,
        "0.02": 0.16066666666666668,
        "0.03": 0.08233333333333333,
        "0.05": 0.025
      },
      "ltc": {
        "0.0": 0.48033333333333333,
        "0.005": 0.3383333333333333,
        "0.01": 0.237,
        "0.02": 0.123,
        "0.03": 0.07533333333333334,
        "0.05": 0.03233333333333333
      }
    },
    "pgd": {
      "mlp": {
        "0.0": 0.49366666666666664,
        "0.005": 0.40066666666666667,
        "0.01": 0.30933333333333335,
        "0.02": 0.14633333333333334,
        "0.03": 0.059,
        "0.05": 0.011
      },
      "cnn": {
        "0.0": 0.6863333333333334,
        "0.005": 0.466,
        "0.01": 0.274,
        "0.02": 0.06366666666666666,
        "0.03": 0.008,
        "0.05": 0.0
      },
      "lstm": {
        "0.0": 0.5423333333333333,
        "0.005": 0.42433333333333334,
        "0.01": 0.30466666666666664,
        "0.02": 0.125,
        "0.03": 0.03966666666666667,
        "0.05": 0.004
      },
      "ltc": {
        "0.0": 0.48033333333333333,
        "0.005": 0.3273333333333333,
        "0.01": 0.19766666666666666,
        "0.02": 0.075,
        "0.03": 0.025666666666666667,
        "0.05": 0.002
      }
    }
  },
  "transfer": {
    "fgsm": {
      "mlp": {
        "mlp": 0.074,
        "cnn": 0.484,
        "lstm": 0.293,
        "ltc": 0.2565
      },
      "cnn": {
        "mlp": 0.3915,
        "cnn": 0.037,
        "lstm": 0.435,
        "ltc": 0.389
      },
      "lstm": {
        "mlp": 0.2835,
        "cnn": 0.5115,
        "lstm": 0.0855,
        "ltc": 0.2425
      },
      "ltc": {
        "mlp": 0.327,
        "cnn": 0.564,
        "lstm": 0.3265,
        "ltc": 0.0715
      }
    },
    "pgd": {
      "mlp": {
        "mlp": 0.0585,
        "cnn": 0.4915,
        "lstm": 0.293,
        "ltc": 0.264
      },
      "cnn": {
        "mlp": 0.3885,
        "cnn": 0.0085,
        "lstm": 0.433,
        "ltc": 0.387
      },
      "lstm": {
        "mlp": 0.2795,
        "cnn": 0.513,
        "lstm": 0.04,
        "ltc": 0.231
      },
      "ltc": {
        "mlp": 0.3145,
        "cnn": 0.559,
        "lstm": 0.3125,
        "ltc": 0.027
      }
    }
  },
  "efficiency": {
    "mlp": {
      "params": 411146.0,
      "train_seconds": 16.708042874990497,
      "infer_ms_per_sample": 0.027322485357217374
    },
    "cnn": {
      "params": 286442.0,
      "train_seconds": 21.38403079204727,
      "infer_ms_per_sample": 0.030179842190136696
    },
    "lstm": {
      "params": 365066.0,
      "train_seconds": 22.114380583981983,
      "infer_ms_per_sample": 0.027839827544084983
    },
    "ltc": {
      "params": 274442.0,
      "train_seconds": 49.26476258301409,
      "infer_ms_per_sample": 0.04620830878820925
    }
  }
}