{
  "dataset": "fashion_mnist",
  "defense": "adv_pgd",
  "seed": 44,
  "epsilons": [
    0.0,
    0.05,
    0.1,
    0.15,
    0.2,
    0.3
  ],
  "transfer_eps": 0.2,
  "clean": {
    "mlp": 0.7438,
    "cnn": 0.7807,
    "lstm": 0.6794,
    "ltc": 0.6712
  },
  "whitebox": {
    "fgsm": {
      "mlp": {
        "0.0": 0.7433333333333333,
        "0.05": 0.684,
        "0.1": 0.6293333333333333,
        "0.15": 0.5643333333333334,
        "0.2": 0.49366666666666664,
        "0.3": 0.339
      },
      "cnn": {
        "0.0": 0.784,
        "0.05": 0.7473333333333333,
        "0.1": 0.7176666666666667,
        "0.15": 0.6906666666666667,
        "0.2": 0.661,
        "0.3": 0.23566666666666666
      },
      "lstm": {
        "0.0": 0.676,
        "0.05": 0.6396666666666667,
        "0.1": 0.6033333333333334,
        "0.15": 0.566,
        "0.2": 0.527,
        "0.3": 0.4083333333333333
      },
      "ltc": {
        "0.0": 0.6686666666666666,
        "0.05": 0.6343333333333333,
        "0.1": 0.6106666666666667,
        "0.15": 0.5813333333333334,
        "0.2": 0.5483333333333333,
        "0.3": 0.437
      }
    },
    "pgd": {
      "mlp": {
        "0.0": 0.7433333333333333,
        "0.05": 0.6793333333333333,
        "0.1": 0.611,
        "0.15": 0.526,
        "0.2": 0.41633333333333333,
        "0.3": 0.09
      },
      "cnn": {
        "0.0": 0.784,
        "0.05": 0.7426666666666667,
        "0.1": 0.7056666666666667,
        "0.15": 0.6586666666666666,
        "0.2": 0.5966666666666667,
        "0.3": 0.010666666666666666
      },
      "lstm": {
        "0.0": 0.676,
        "0.05": 0.6366666666666667,
        "0.1": 0.587,
        "0.15": 0.5346666666666666,
        "0.2": 0.43933333333333335,
        "0.3": 0.05733333333333333
      },
      "ltc": {
        "0.0": 0.6686666666666666,
        "0.05": 0.633,
        "0.1": 0.598,
        "0.15": 0.534,
        "0.2": 0.43433333333333335,
        "0.3": 0.06066666666666667
      }
    }
  },
  "transfer": {
    "fgsm": {
      "mlp": {
        "mlp": 0.485,
        "cnn": 0.67,
        "lstm": 0.5345,
        "ltc": 0.5375
      },
      "cnn": {
        "mlp": 0.6205,
        "cnn": 0.6585,
        "lstm": 0.607,
        "ltc": 0.59
      },
      "lstm": {
        "mlp": 0.551,
        "cnn": 0.6925,
        "lstm": 0.5205,
        "ltc": 0.537
      },
      "ltc": {
        "mlp": 0.583,
        "cnn": 0.7035,
        "lstm": 0.5595,
        "ltc": 0.5465
      }
    },
    "pgd": {
      "mlp": {
        "mlp": 0.409,
        "cnn": 0.665,
        "lstm": 0.5095,
        "ltc": 0.5065
      },
      "cnn": {
        "mlp": 0.591,
        "cnn": 0.5875,
        "lstm": 0.588,
        "ltc": 0.574
      },
      "lstm": {
        "mlp": 0.4955,
        "cnn": 0.6755,
        "lstm": 0.4375,
        "ltc": 0.4685
      },
      "ltc": {
        "mlp": 0.554,
        "cnn": 0.696,
        "lstm": 0.531,
        "ltc": 0.43
      }
    }
  },
  "efficiency": {
    "mlp": {
      "params": 269322.0,
      "train_seconds": 11.825184750021435,
      "infer_ms_per_sample": 0.020004646864890674
    },
    "cnn": {
      "params": 224714.0,
      "train_seconds": 20.497876583016478,
      "infer_ms_per_sample": 0.022995816993898188
    },
    "lstm": {
      "params": 172426.0,
      "train_seconds": 19.126219291996676,
      "infer_ms_per_sample": 0.021921077336628514
    },
    "ltc": {
      "params": 129802.0,
      "train_seconds": 73.06992900004843,
      "infer_ms_per_sample": 0.034818310541595565
    }
  }
}