{
  "dataset": "fashion_mnist",
  "defense": "adv_pgd",
  "seed": 41,
  "epsilons": [
    0.0,
    0.05,
    0.1,
    0.15,
    0.2,
    0.3
  ],
  "transfer_eps": 0.2,
  "clean": {
    "mlp": 0.7266,
    "cnn": 0.7987,
    "lstm": 0.6918,
    "ltc": 0.6667
  },
  "whitebox": {
    "fgsm": {
      "mlp": {
        "0.0": 0.7273333333333334,
        "0.05": 0.6653333333333333,
        "0.1": 0.6086666666666667,
        "0.15": 0.5503333333333333,
        "0.2": 0.4876666666666667,
        "0.3": 0.3313333333333333
      },
      "cnn": {
        "0.0": 0.8033333333333333,
        "0.05": 0.7576666666666667,
        "0.1": 0.7226666666666667,
        "0.15": 0.7016666666666667,
        "0.2": 0.674,
        "0.3": 0.23966666666666667
      },
      "lstm": {
        "0.0": 0.6943333333333334,
        "0.05": 0.646,
        "0.1": 0.6043333333333333,
        "0.15": 0.565,
        "0.2": 0.5153333333333333,
        "0.3": 0.39366666666666666
      },
      "ltc": {
        "0.0": 0.6666666666666666,
        "0.05": 0.6343333333333333,
        "0.1": 0.601,
        "0.15": 0.559,
        "0.2": 0.521,
        "0.3": 0.42433333333333334
      }
    },
    "pgd": {
      "mlp": {
        "0.0": 0.7273333333333334,
        "0.05": 0.6623333333333333,
        "0.1": 0.5926666666666667,
        "0.15": 0.5156666666666667,
        "0.2": 0.4076666666666667,
        "0.3": 0.06533333333333333
      },
      "cnn": {
        "0.0": 0.8033333333333333,
        "0.05": 0.751,
        "0.1": 0.7033333333333334,
        "0.15": 0.6593333333333333,
        "0.2": 0.594,
        "0.3": 0.019333333333333334
      },
      "lstm": {
        "0.0": 0.6943333333333334,
        "0.05": 0.642,
        "0.1": 0.585,
        "0.15": 0.525,
        "0.2": 0.42766666666666664,
        "0.3": 0.078
      },
      "ltc": {
        "0.0": 0.6666666666666666,
        "0.05": 0.6336666666666667,
        "0.1": 0.5856666666666667,
        "0.15": 0.515,
        "0.2": 0.41533333333333333,
        "0.3": 0.054
      }
    }
  },
  "transfer": {
    "fgsm": {
      "mlp": {
        "mlp": 0.4775,
        "cnn": 0.694,
        "lstm": 0.529,
        "ltc": 0.5355
      },
      "cnn": {
        "mlp": 0.608,
        "cnn": 0.6685,
        "lstm": 0.604,
        "ltc": 0.59
      },
      "lstm": {
        "mlp": 0.5385,
        "cnn": 0.704,
        "lstm": 0.512,
        "ltc": 0.5315
      },
      "ltc": {
        "mlp": 0.5765,
        "cnn": 0.7245,
        "lstm": 0.5575,
        "ltc": 0.5185
      }
    },
    "pgd": {
      "mlp": {
        "mlp": 0.3985,
        "cnn": 0.693,
        "lstm": 0.493,
        "ltc": 0.4985
      },
      "cnn": {
        "mlp": 0.592,
        "cnn": 0.5855,
        "lstm": 0.5925,
        "ltc": 0.58
      },
      "lstm": {
        "mlp": 0.5,
        "cnn": 0.7065,
        "lstm": 0.4255,
        "ltc": 0.4715
      },
      "ltc": {
        "mlp": 0.5445,
        "cnn": 0.7255,
        "lstm": 0.52,
        "ltc": 0.4095
      }
    }
  },
  "efficiency": {
    "mlp": {
      "params": 269322.0,
      "train_seconds": 11.52711820800323,
      "infer_ms_per_sample": 0.02016005860241421
    },
    "cnn": {
      "params": 224714.0,
      "train_seconds": 20.566027374996338,
      "infer_ms_per_sample": 0.027344921875283035
    },
    "lstm": {
      "params": 172426.0,
      "train_seconds": 20.284504457958974,
      "infer_ms_per_sample": 0.026373429295745154
    },
    "ltc": {
      "params": 129802.0,
      "train_seconds": 71.48047124996083,
      "infer_ms_per_sample": 0.03400933418333807
    }
  }
}