{
  "dataset": "fashion_mnist",
  "defense": "adv_pgd",
  "seed": 42,
  "epsilons": [
    0.0,
    0.05,
    0.1,
    0.15,
    0.2,
    0.3
  ],
  "transfer_eps": 0.2,
  "clean": {
    "mlp": 0.7422,
    "cnn": 0.7875,
    "lstm": 0.6784,
    "ltc": 0.6613
  },
  "whitebox": {
    "fgsm": {
      "mlp": {
        "0.0": 0.746,
        "0.05": 0.6876666666666666,
        "0.1": 0.6263333333333333,
        "0.15": 0.5613333333333334,
        "0.2": 0.489,
        "0.3": 0.3436666666666667
      },
      "cnn": {
        "0.0": 0.7963333333333333,
        "0.05": 0.754,
        "0.1": 0.7233333333333334,
        "0.15": 0.6973333333333334,
        "0.2": 0.6726666666666666,
        "0.3": 0.33466666666666667
      },
      "lstm": {
        "0.0": 0.6793333333333333,
        "0.05": 0.644,
        "0.1": 0.605,
        "0.15": 0.565,
        "0.2": 0.5256666666666666,
        "0.3": 0.3983333333333333
      },
      "ltc": {
        "0.0": 0.654,
        "0.05": 0.6206666666666667,
        "0.1": 0.5866666666666667,
        "0.15": 0.546,
        "0.2": 0.5126666666666667,
        "0.3": 0.4186666666666667
      }
    },
    "pgd": {
      "mlp": {
        "0.0": 0.746,
        "0.05": 0.685,
        "0.1": 0.606,
        "0.15": 0.515,
        "0.2": 0.3893333333333333,
        "0.3": 0.06733333333333333
      },
      "cnn": {
        "0.0": 0.7963333333333333,
        "0.05": 0.748,
        "0.1": 0.7053333333333334,
        "0.15": 0.6596666666666666,
        "0.2": 0.6086666666666667,
        "0.3": 0.02266666666666667
      },
      "lstm": {
        "0.0": 0.6793333333333333,
        "0.05": 0.643,
        "0.1": 0.5923333333333334,
        "0.15": 0.5393333333333333,
        "0.2": 0.441,
        "0.3": 0.06266666666666666
      },
      "ltc": {
        "0.0": 0.654,
        "0.05": 0.6153333333333333,
        "0.1": 0.57,
        "0.15": 0.5126666666666667,
        "0.2": 0.429,
        "0.3": 0.086
      }
    }
  },
  "transfer": {
    "fgsm": {
      "mlp": {
        "mlp": 0.48,
        "cnn": 0.685,
        "lstm": 0.5215,
        "ltc": 0.5175
      },
      "cnn": {
        "mlp": 0.6375,
        "cnn": 0.668,
        "lstm": 0.6105,
        "ltc": 0.5775
      },
      "lstm": {
        "mlp": 0.575,
        "cnn": 0.7055,
        "lstm": 0.5175,
        "ltc": 0.526
      },
      "ltc": {
        "mlp": 0.5975,
        "cnn": 0.7185,
        "lstm": 0.5425,
        "ltc": 0.505
      }
    },
    "pgd": {
      "mlp": {
        "mlp": 0.387,
        "cnn": 0.677,
        "lstm": 0.495,
        "ltc": 0.497
      },
      "cnn": {
        "mlp": 0.606,
        "cnn": 0.596,
        "lstm": 0.599,
        "ltc": 0.568
      },
      "lstm": {
        "mlp": 0.5235,
        "cnn": 0.7125,
        "lstm": 0.4375,
        "ltc": 0.499
      },
      "ltc": {
        "mlp": 0.5605,
        "cnn": 0.7245,
        "lstm": 0.5085,
        "ltc": 0.4255
      }
    }
  },
  "efficiency": {
    "mlp": {
      "params": 269322.0,
      "train_seconds": 11.473795790981967,
      "infer_ms_per_sample": 0.02026949063065331
    },
    "cnn": {
      "params": 224714.0,
      "train_seconds": 23.46506199997384,
      "infer_ms_per_sample": 0.02311736659521557
    },
    "lstm": {
      "params": 172426.0,
      "train_seconds": 21.21714287501527,
      "infer_ms_per_sample": 0.02378138027552268
    },
    "ltc": {
      "params": 129802.0,
      "train_seconds": 70.90611408301629,
      "infer_ms_per_sample": 0.033545678707014304
    }
  }
}