{
  "dataset": "fashion_mnist",
  "defense": "standard",
  "seed": 41,
  "epsilons": [
    0.0,
    0.05,
    0.1,
    0.15,
    0.2,
    0.3
  ],
  "transfer_eps": 0.2,
  "clean": {
    "mlp": 0.8802,
    "cnn": 0.888,
    "lstm": 0.8747,
    "ltc": 0.8576
  },
  "whitebox": {
    "fgsm": {
      "mlp": {
        "0.0": 0.885,
        "0.05": 0.36433333333333334,
        "0.1": 0.07033333333333333,
        "0.15": 0.011666666666666667,
        "0.2": 0.004,
        "0.3": 0.0
      },
      "cnn": {
        "0.0": 0.8883333333333333,
        "0.05": 0.2886666666666667,
        "0.1": 0.082,
        "0.15": 0.016,
        "0.2": 0.0033333333333333335,
        "0.3": 0.003
      },
      "lstm": {
        "0.0": 0.8723333333333333,
        "0.05": 0.4013333333333333,
        "0.1": 0.19,
        "0.15": 0.12166666666666667,
        "0.2": 0.08833333333333333,
        "0.3": 0.06566666666666666
      },
      "ltc": {
        "0.0": 0.8593333333333333,
        "0.05": 0.437,
        "0.1": 0.22833333333333333,
        "0.15": 0.14,
        "0.2": 0.09733333333333333,
        "0.3": 0.04833333333333333
      }
    },
    "pgd": {
      "mlp": {
        "0.0": 0.885,
        "0.05": 0.2836666666666667,
        "0.1": 0.027666666666666666,
        "0.15": 0.0003333333333333333,
        "0.2": 0.0,
        "0.3": 0.0
      },
      "cnn": {
        "0.0": 0.8883333333333333,
        "0.05": 0.163,
        "0.1": 0.001,
        "0.15": 0.0,
        "0.2": 0.0,
        "0.3": 0.0
      },
      "lstm": {
        "0.0": 0.8723333333333333,
        "0.05": 0.24033333333333334,
        "0.1": 0.035666666666666666,
        "0.15": 0.006666666666666667,
        "0.2": 0.001,
        "0.3": 0.0
      },
      "ltc": {
        "0.0": 0.8593333333333333,
        "0.05": 0.23966666666666667,
        "0.1": 0.030333333333333334,
        "0.15": 0.006,
        "0.2": 0.004333333333333333,
        "0.3": 0.0033333333333333335
      }
    }
  },
  "transfer": {
    "fgsm": {
      "mlp": {
        "mlp": 0.0045,
        "cnn": 0.081,
        "lstm": 0.1005,
        "ltc": 0.1
      },
      "cnn": {
        "mlp": 0.195,
        "cnn": 0.002,
        "lstm": 0.1715,
        "ltc": 0.2045
      },
      "lstm": {
        "mlp": 0.1725,
        "cnn": 0.182,
        "lstm": 0.0885,
        "ltc": 0.127
      },
      "ltc": {
        "mlp": 0.2635,
        "cnn": 0.225,
        "lstm": 0.1725,
        "ltc": 0.094
      }
    },
    "pgd": {
      "mlp": {
        "mlp": 0.0,
        "cnn": 0.0675,
        "lstm": 0.11,
        "ltc": 0.1745
      },
      "cnn": {
        "mlp": 0.186,
        "cnn": 0.0,
        "lstm": 0.1845,
        "ltc": 0.1885
      },
      "lstm": {
        "mlp": 0.1835,
        "cnn": 0.1455,
        "lstm": 0.0005,
        "ltc": 0.0465
      },
      "ltc": {
        "mlp": 0.3215,
        "cnn": 0.252,
        "lstm": 0.1695,
        "ltc": 0.0035
      }
    }
  },
  "efficiency": {
    "mlp": {
      "params": 269322.0,
      "train_seconds": 16.22361570794601,
      "infer_ms_per_sample": 0.021553678323016356
    },
    "cnn": {
      "params": 224714.0,
      "train_seconds": 10.507487084018067,
      "infer_ms_per_sample": 0.022779248047299916
    },
    "lstm": {
      "params": 172426.0,
      "train_seconds": 20.070966582978144,
      "infer_ms_per_sample": 0.023645084570489416
    },
    "ltc": {
      "params": 129802.0,
      "train_seconds": 51.69105666602263,
      "infer_ms_per_sample": 0.03477229804502713
    }
  }
}