{
  "dataset": "fashion_mnist",
  "defense": "standard",
  "seed": 42,
  "epsilons": [
    0.0,
    0.05,
    0.1,
    0.15,
    0.2,
    0.3
  ],
  "transfer_eps": 0.2,
  "clean": {
    "mlp": 0.883,
    "cnn": 0.8991,
    "lstm": 0.8784,
    "ltc": 0.8588
  },
  "whitebox": {
    "fgsm": {
      "mlp": {
        "0.0": 0.8843333333333333,
        "0.05": 0.32666666666666666,
        "0.1": 0.059666666666666666,
        "0.15": 0.012333333333333333,
        "0.2": 0.001,
        "0.3": 0.0003333333333333333
      },
      "cnn": {
        "0.0": 0.9006666666666666,
        "0.05": 0.2843333333333333,
        "0.1": 0.043666666666666666,
        "0.15": 0.005666666666666667,
        "0.2": 0.002,
        "0.3": 0.0023333333333333335
      },
      "lstm": {
        "0.0": 0.881,
        "0.05": 0.4106666666666667,
        "0.1": 0.22633333333333333,
        "0.15": 0.13,
        "0.2": 0.08533333333333333,
        "0.3": 0.06
      },
      "ltc": {
        "0.0": 0.8616666666666667,
        "0.05": 0.385,
        "0.1": 0.19866666666666666,
        "0.15": 0.10866666666666666,
        "0.2": 0.06833333333333333,
        "0.3": 0.043
      }
    },
    "pgd": {
      "mlp": {
        "0.0": 0.8843333333333333,
        "0.05": 0.252,
        "0.1": 0.017666666666666667,
        "0.15": 0.0003333333333333333,
        "0.2": 0.0,
        "0.3": 0.0
      },
      "cnn": {
        "0.0": 0.9006666666666666,
        "0.05": 0.14066666666666666,
        "0.1": 0.0016666666666666668,
        "0.15": 0.0,
        "0.2": 0.0,
        "0.3": 0.0
      },
      "lstm": {
        "0.0": 0.881,
        "0.05": 0.251,
        "0.1": 0.024666666666666667,
        "0.15": 0.0033333333333333335,
        "0.2": 0.0006666666666666666,
        "0.3": 0.0
      },
      "ltc": {
        "0.0": 0.8616666666666667,
        "0.05": 0.19433333333333333,
        "0.1": 0.025,
        "0.15": 0.009,
        "0.2": 0.006666666666666667,
        "0.3": 0.0023333333333333335
      }
    }
  },
  "transfer": {
    "fgsm": {
      "mlp": {
        "mlp": 0.001,
        "cnn": 0.069,
        "lstm": 0.1095,
        "ltc": 0.1075
      },
      "cnn": {
        "mlp": 0.1765,
        "cnn": 0.0015,
        "lstm": 0.11,
        "ltc": 0.099
      },
      "lstm": {
        "mlp": 0.174,
        "cnn": 0.1425,
        "lstm": 0.081,
        "ltc": 0.0715
      },
      "ltc": {
        "mlp": 0.25,
        "cnn": 0.212,
        "lstm": 0.1355,
        "ltc": 0.064
      }
    },
    "pgd": {
      "mlp": {
        "mlp": 0.0,
        "cnn": 0.0525,
        "lstm": 0.0975,
        "ltc": 0.1365
      },
      "cnn": {
        "mlp": 0.161,
        "cnn": 0.0,
        "lstm": 0.103,
        "ltc": 0.1335
      },
      "lstm": {
        "mlp": 0.14,
        "cnn": 0.129,
        "lstm": 0.0005,
        "ltc": 0.04
      },
      "ltc": {
        "mlp": 0.3275,
        "cnn": 0.2765,
        "lstm": 0.1285,
        "ltc": 0.007
      }
    }
  },
  "efficiency": {
    "mlp": {
      "params": 269322.0,
      "train_seconds": 17.049920583958738,
      "infer_ms_per_sample": 0.020898006050629192
    },
    "cnn": {
      "params": 224714.0,
      "train_seconds": 13.404847082972992,
      "infer_ms_per_sample": 0.02712802734095021
    },
    "lstm": {
      "params": 172426.0,
      "train_seconds": 20.280745875032153,
      "infer_ms_per_sample": 0.022093627933372773
    },
    "ltc": {
      "params": 129802.0,
      "train_seconds": 48.894535499974154,
      "infer_ms_per_sample": 0.03391424160099632
    }
  }
}