{
  "dataset": "fashion_mnist",
  "defense": "adv_pgd",
  "seed": 45,
  "epsilons": [
    0.0,
    0.05,
    0.1,
    0.15,
    0.2,
    0.3
  ],
  "transfer_eps": 0.2,
  "clean": {
    "mlp": 0.7352,
    "cnn": 0.8171,
    "lstm": 0.6932,
    "ltc": 0.6661
  },
  "whitebox": {
    "fgsm": {
      "mlp": {
        "0.0": 0.737,
        "0.05": 0.6786666666666666,
        "0.1": 0.6166666666666667,
        "0.15": 0.56,
        "0.2": 0.49333333333333335,
        "0.3": 0.31433333333333335
      },
      "cnn": {
        "0.0": 0.822,
        "0.05": 0.7856666666666666,
        "0.1": 0.7596666666666667,
        "0.15": 0.7383333333333333,
        "0.2": 0.716,
        "0.3": 0.32566666666666666
      },
      "lstm": {
        "0.0": 0.6926666666666667,
        "0.05": 0.6473333333333333,
        "0.1": 0.5966666666666667,
        "0.15": 0.551,
        "0.2": 0.5046666666666667,
        "0.3": 0.37366666666666665
      },
      "ltc": {
        "0.0": 0.6603333333333333,
        "0.05": 0.6226666666666667,
        "0.1": 0.5763333333333334,
        "0.15": 0.531,
        "0.2": 0.49466666666666664,
        "0.3": 0.39
      }
    },
    "pgd": {
      "mlp": {
        "0.0": 0.737,
        "0.05": 0.6753333333333333,
        "0.1": 0.6023333333333334,
        "0.15": 0.5216666666666666,
        "0.2": 0.39866666666666667,
        "0.3": 0.07966666666666666
      },
      "cnn": {
        "0.0": 0.822,
        "0.05": 0.78,
        "0.1": 0.737,
        "0.15": 0.69,
        "0.2": 0.627,
        "0.3": 0.02033333333333333
      },
      "lstm": {
        "0.0": 0.6926666666666667,
        "0.05": 0.6456666666666667,
        "0.1": 0.587,
        "0.15": 0.5203333333333333,
        "0.2": 0.43466666666666665,
        "0.3": 0.057666666666666665
      },
      "ltc": {
        "0.0": 0.6603333333333333,
        "0.05": 0.6196666666666667,
        "0.1": 0.569,
        "0.15": 0.49066666666666664,
        "0.2": 0.4066666666666667,
        "0.3": 0.04566666666666667
      }
    }
  },
  "transfer": {
    "fgsm": {
      "mlp": {
        "mlp": 0.4865,
        "cnn": 0.713,
        "lstm": 0.52,
        "ltc": 0.5215
      },
      "cnn": {
        "mlp": 0.649,
        "cnn": 0.7195,
        "lstm": 0.6185,
        "ltc": 0.589
      },
      "lstm": {
        "mlp": 0.5515,
        "cnn": 0.7165,
        "lstm": 0.4985,
        "ltc": 0.525
      },
      "ltc": {
        "mlp": 0.585,
        "cnn": 0.756,
        "lstm": 0.5415,
        "ltc": 0.4835
      }
    },
    "pgd": {
      "mlp": {
        "mlp": 0.3925,
        "cnn": 0.712,
        "lstm": 0.509,
        "ltc": 0.499
      },
      "cnn": {
        "mlp": 0.631,
        "cnn": 0.62,
        "lstm": 0.6015,
        "ltc": 0.5735
      },
      "lstm": {
        "mlp": 0.4985,
        "cnn": 0.7435,
        "lstm": 0.4315,
        "ltc": 0.479
      },
      "ltc": {
        "mlp": 0.5475,
        "cnn": 0.7625,
        "lstm": 0.5225,
        "ltc": 0.4025
      }
    }
  },
  "efficiency": {
    "mlp": {
      "params": 269322.0,
      "train_seconds": 11.563817500020377,
      "infer_ms_per_sample": 0.020966259762644768
    },
    "cnn": {
      "params": 224714.0,
      "train_seconds": 21.749477042001672,
      "infer_ms_per_sample": 0.02737132148240562
    },
    "lstm": {
      "params": 172426.0,
      "train_seconds": 19.2231916669989,
      "infer_ms_per_sample": 0.022051643941267685
    },
    "ltc": {
      "params": 129802.0,
      "train_seconds": 72.82228120800573,
      "infer_ms_per_sample": 0.036514030068701686
    }
  }
}