{
  "dataset": "fashion_mnist",
  "defense": "adv_pgd",
  "seed": 43,
  "epsilons": [
    0.0,
    0.05,
    0.1,
    0.15,
    0.2,
    0.3
  ],
  "transfer_eps": 0.2,
  "clean": {
    "mlp": 0.7273,
    "cnn": 0.7857,
    "lstm": 0.6646,
    "ltc": 0.6792
  },
  "whitebox": {
    "fgsm": {
      "mlp": {
        "0.0": 0.7293333333333333,
        "0.05": 0.6713333333333333,
        "0.1": 0.6126666666666667,
        "0.15": 0.553,
        "0.2": 0.48733333333333334,
        "0.3": 0.31866666666666665
      },
      "cnn": {
        "0.0": 0.7886666666666666,
        "0.05": 0.7503333333333333,
        "0.1": 0.7186666666666667,
        "0.15": 0.693,
        "0.2": 0.6613333333333333,
        "0.3": 0.206
      },
      "lstm": {
        "0.0": 0.6666666666666666,
        "0.05": 0.6293333333333333,
        "0.1": 0.5843333333333334,
        "0.15": 0.5496666666666666,
        "0.2": 0.5086666666666667,
        "0.3": 0.393
      },
      "ltc": {
        "0.0": 0.6773333333333333,
        "0.05": 0.6366666666666667,
        "0.1": 0.5983333333333334,
        "0.15": 0.5546666666666666,
        "0.2": 0.512,
        "0.3": 0.36666666666666664
      }
    },
    "pgd": {
      "mlp": {
        "0.0": 0.7293333333333333,
        "0.05": 0.67,
        "0.1": 0.5963333333333334,
        "0.15": 0.5116666666666667,
        "0.2": 0.4073333333333333,
        "0.3": 0.09033333333333333
      },
      "cnn": {
        "0.0": 0.7886666666666666,
        "0.05": 0.7443333333333333,
        "0.1": 0.6993333333333334,
        "0.15": 0.657,
        "0.2": 0.5926666666666667,
        "0.3": 0.012
      },
      "lstm": {
        "0.0": 0.6666666666666666,
        "0.05": 0.6263333333333333,
        "0.1": 0.5643333333333334,
        "0.15": 0.509,
        "0.2": 0.4156666666666667,
        "0.3": 0.06066666666666667
      },
      "ltc": {
        "0.0": 0.6773333333333333,
        "0.05": 0.6326666666666667,
        "0.1": 0.5823333333333334,
        "0.15": 0.5066666666666667,
        "0.2": 0.4103333333333333,
        "0.3": 0.047
      }
    }
  },
  "transfer": {
    "fgsm": {
      "mlp": {
        "mlp": 0.4775,
        "cnn": 0.687,
        "lstm": 0.51,
        "ltc": 0.5325
      },
      "cnn": {
        "mlp": 0.597,
        "cnn": 0.6565,
        "lstm": 0.5845,
        "ltc": 0.579
      },
      "lstm": {
        "mlp": 0.5475,
        "cnn": 0.6875,
        "lstm": 0.501,
        "ltc": 0.525
      },
      "ltc": {
        "mlp": 0.5705,
        "cnn": 0.7085,
        "lstm": 0.533,
        "ltc": 0.505
      }
    },
    "pgd": {
      "mlp": {
        "mlp": 0.409,
        "cnn": 0.68,
        "lstm": 0.4955,
        "ltc": 0.5135
      },
      "cnn": {
        "mlp": 0.5715,
        "cnn": 0.587,
        "lstm": 0.568,
        "ltc": 0.5645
      },
      "lstm": {
        "mlp": 0.4875,
        "cnn": 0.691,
        "lstm": 0.4125,
        "ltc": 0.479
      },
      "ltc": {
        "mlp": 0.526,
        "cnn": 0.7085,
        "lstm": 0.4945,
        "ltc": 0.407
      }
    }
  },
  "efficiency": {
    "mlp": {
      "params": 269322.0,
      "train_seconds": 11.486144958005752,
      "infer_ms_per_sample": 0.02024358730068343
    },
    "cnn": {
      "params": 224714.0,
      "train_seconds": 20.280942999990657,
      "infer_ms_per_sample": 0.024362915030451404
    },
    "lstm": {
      "params": 172426.0,
      "train_seconds": 18.94928795803571,
      "infer_ms_per_sample": 0.022806363870131463
    },
    "ltc": {
      "params": 129802.0,
      "train_seconds": 70.68798116600374,
      "infer_ms_per_sample": 0.03360144862654124
    }
  }
}