{
  "dataset": "fashion_mnist",
  "defense": "standard",
  "seed": 45,
  "epsilons": [
    0.0,
    0.05,
    0.1,
    0.15,
    0.2,
    0.3
  ],
  "transfer_eps": 0.2,
  "clean": {
    "mlp": 0.8829,
    "cnn": 0.8897,
    "lstm": 0.8715,
    "ltc": 0.86
  },
  "whitebox": {
    "fgsm": {
      "mlp": {
        "0.0": 0.8866666666666667,
        "0.05": 0.307,
        "0.1": 0.042333333333333334,
        "0.15": 0.0033333333333333335,
        "0.2": 0.0003333333333333333,
        "0.3": 0.0
      },
      "cnn": {
        "0.0": 0.8916666666666667,
        "0.05": 0.24733333333333332,
        "0.1": 0.052333333333333336,
        "0.15": 0.012333333333333333,
        "0.2": 0.0016666666666666668,
        "0.3": 0.001
      },
      "lstm": {
        "0.0": 0.875,
        "0.05": 0.405,
        "0.1": 0.191,
        "0.15": 0.11033333333333334,
        "0.2": 0.06433333333333334,
        "0.3": 0.035333333333333335
      },
      "ltc": {
        "0.0": 0.8693333333333333,
        "0.05": 0.4083333333333333,
        "0.1": 0.22733333333333333,
        "0.15": 0.14,
        "0.2": 0.09966666666666667,
        "0.3": 0.05633333333333333
      }
    },
    "pgd": {
      "mlp": {
        "0.0": 0.8866666666666667,
        "0.05": 0.236,
        "0.1": 0.006333333333333333,
        "0.15": 0.0003333333333333333,
        "0.2": 0.0,
        "0.3": 0.0
      },
      "cnn": {
        "0.0": 0.8916666666666667,
        "0.05": 0.11766666666666667,
        "0.1": 0.005,
        "0.15": 0.0,
        "0.2": 0.0,
        "0.3": 0.0
      },
      "lstm": {
        "0.0": 0.875,
        "0.05": 0.25033333333333335,
        "0.1": 0.036333333333333336,
        "0.15": 0.005,
        "0.2": 0.001,
        "0.3": 0.0
      },
      "ltc": {
        "0.0": 0.8693333333333333,
        "0.05": 0.245,
        "0.1": 0.04633333333333333,
        "0.15": 0.011,
        "0.2": 0.007333333333333333,
        "0.3": 0.005333333333333333
      }
    }
  },
  "transfer": {
    "fgsm": {
      "mlp": {
        "mlp": 0.0005,
        "cnn": 0.0795,
        "lstm": 0.0985,
        "ltc": 0.0655
      },
      "cnn": {
        "mlp": 0.1185,
        "cnn": 0.0015,
        "lstm": 0.1385,
        "ltc": 0.1145
      },
      "lstm": {
        "mlp": 0.151,
        "cnn": 0.1605,
        "lstm": 0.0665,
        "ltc": 0.08
      },
      "ltc": {
        "mlp": 0.2945,
        "cnn": 0.239,
        "lstm": 0.1885,
        "ltc": 0.0985
      }
    },
    "pgd": {
      "mlp": {
        "mlp": 0.0,
        "cnn": 0.0505,
        "lstm": 0.1095,
        "ltc": 0.1045
      },
      "cnn": {
        "mlp": 0.1635,
        "cnn": 0.0,
        "lstm": 0.132,
        "ltc": 0.1295
      },
      "lstm": {
        "mlp": 0.0995,
        "cnn": 0.125,
        "lstm": 0.001,
        "ltc": 0.027
      },
      "ltc": {
        "mlp": 0.294,
        "cnn": 0.2585,
        "lstm": 0.1245,
        "ltc": 0.007
      }
    }
  },
  "efficiency": {
    "mlp": {
      "params": 269322.0,
      "train_seconds": 15.499589374987409,
      "infer_ms_per_sample": 0.020456591789752565
    },
    "cnn": {
      "params": 224714.0,
      "train_seconds": 12.12964674999239,
      "infer_ms_per_sample": 0.02667531738325124
    },
    "lstm": {
      "params": 172426.0,
      "train_seconds": 21.94179000001168,
      "infer_ms_per_sample": 0.02280098476603598
    },
    "ltc": {
      "params": 129802.0,
      "train_seconds": 48.59361879201606,
      "infer_ms_per_sample": 0.03371590174765515
    }
  }
}