{
  "dataset": "fashion_mnist",
  "defense": "standard",
  "seed": 43,
  "epsilons": [
    0.0,
    0.05,
    0.1,
    0.15,
    0.2,
    0.3
  ],
  "transfer_eps": 0.2,
  "clean": {
    "mlp": 0.8794,
    "cnn": 0.898,
    "lstm": 0.8765,
    "ltc": 0.8579
  },
  "whitebox": {
    "fgsm": {
      "mlp": {
        "0.0": 0.879,
        "0.05": 0.346,
        "0.1": 0.072,
        "0.15": 0.009666666666666667,
        "0.2": 0.0026666666666666666,
        "0.3": 0.0003333333333333333
      },
      "cnn": {
        "0.0": 0.895,
        "0.05": 0.25833333333333336,
        "0.1": 0.08033333333333334,
        "0.15": 0.03,
        "0.2": 0.012333333333333333,
        "0.3": 0.0
      },
      "lstm": {
        "0.0": 0.8766666666666667,
        "0.05": 0.451,
        "0.1": 0.264,
        "0.15": 0.15533333333333332,
        "0.2": 0.09766666666666667,
        "0.3": 0.04533333333333334
      },
      "ltc": {
        "0.0": 0.8576666666666667,
        "0.05": 0.3486666666666667,
        "0.1": 0.18966666666666668,
        "0.15": 0.13233333333333333,
        "0.2": 0.099,
        "0.3": 0.04133333333333333
      }
    },
    "pgd": {
      "mlp": {
        "0.0": 0.879,
        "0.05": 0.2846666666666667,
        "0.1": 0.023666666666666666,
        "0.15": 0.001,
        "0.2": 0.0003333333333333333,
        "0.3": 0.0
      },
      "cnn": {
        "0.0": 0.895,
        "0.05": 0.14766666666666667,
        "0.1": 0.014,
        "0.15": 0.0003333333333333333,
        "0.2": 0.0,
        "0.3": 0.0
      },
      "lstm": {
        "0.0": 0.8766666666666667,
        "0.05": 0.311,
        "0.1": 0.056,
        "0.15": 0.004333333333333333,
        "0.2": 0.0006666666666666666,
        "0.3": 0.0
      },
      "ltc": {
        "0.0": 0.8576666666666667,
        "0.05": 0.18666666666666668,
        "0.1": 0.037,
        "0.15": 0.004666666666666667,
        "0.2": 0.0006666666666666666,
        "0.3": 0.001
      }
    }
  },
  "transfer": {
    "fgsm": {
      "mlp": {
        "mlp": 0.003,
        "cnn": 0.089,
        "lstm": 0.1675,
        "ltc": 0.0945
      },
      "cnn": {
        "mlp": 0.213,
        "cnn": 0.0105,
        "lstm": 0.23,
        "ltc": 0.1145
      },
      "lstm": {
        "mlp": 0.1985,
        "cnn": 0.151,
        "lstm": 0.0925,
        "ltc": 0.0925
      },
      "ltc": {
        "mlp": 0.279,
        "cnn": 0.275,
        "lstm": 0.248,
        "ltc": 0.096
      }
    },
    "pgd": {
      "mlp": {
        "mlp": 0.0005,
        "cnn": 0.0895,
        "lstm": 0.1875,
        "ltc": 0.158
      },
      "cnn": {
        "mlp": 0.1725,
        "cnn": 0.0,
        "lstm": 0.2295,
        "ltc": 0.118
      },
      "lstm": {
        "mlp": 0.116,
        "cnn": 0.146,
        "lstm": 0.001,
        "ltc": 0.0565
      },
      "ltc": {
        "mlp": 0.37,
        "cnn": 0.2265,
        "lstm": 0.2255,
        "ltc": 0.0035
      }
    }
  },
  "efficiency": {
    "mlp": {
      "params": 269322.0,
      "train_seconds": 15.508260540955234,
      "infer_ms_per_sample": 0.020065633202648314
    },
    "cnn": {
      "params": 224714.0,
      "train_seconds": 9.464587458001915,
      "infer_ms_per_sample": 0.026192008397174504
    },
    "lstm": {
      "params": 172426.0,
      "train_seconds": 20.97636870801216,
      "infer_ms_per_sample": 0.02208656405855436
    },
    "ltc": {
      "params": 129802.0,
      "train_seconds": 48.63772200001404,
      "infer_ms_per_sample": 0.03352115078314455
    }
  }
}