{
  "dataset": "fashion_mnist",
  "defense": "standard",
  "seed": 44,
  "epsilons": [
    0.0,
    0.05,
    0.1,
    0.15,
    0.2,
    0.3
  ],
  "transfer_eps": 0.2,
  "clean": {
    "mlp": 0.8801,
    "cnn": 0.8995,
    "lstm": 0.877,
    "ltc": 0.8599
  },
  "whitebox": {
    "fgsm": {
      "mlp": {
        "0.0": 0.8846666666666667,
        "0.05": 0.318,
        "0.1": 0.050333333333333334,
        "0.15": 0.005,
        "0.2": 0.002,
        "0.3": 0.0
      },
      "cnn": {
        "0.0": 0.8956666666666667,
        "0.05": 0.3476666666666667,
        "0.1": 0.09933333333333333,
        "0.15": 0.043,
        "0.2": 0.013666666666666667,
        "0.3": 0.0016666666666666668
      },
      "lstm": {
        "0.0": 0.8756666666666667,
        "0.05": 0.4256666666666667,
        "0.1": 0.22066666666666668,
        "0.15": 0.12466666666666666,
        "0.2": 0.08666666666666667,
        "0.3": 0.053
      },
      "ltc": {
        "0.0": 0.87,
        "0.05": 0.37066666666666664,
        "0.1": 0.19566666666666666,
        "0.15": 0.13,
        "0.2": 0.09666666666666666,
        "0.3": 0.04666666666666667
      }
    },
    "pgd": {
      "mlp": {
        "0.0": 0.8846666666666667,
        "0.05": 0.25633333333333336,
        "0.1": 0.018333333333333333,
        "0.15": 0.0003333333333333333,
        "0.2": 0.0003333333333333333,
        "0.3": 0.0
      },
      "cnn": {
        "0.0": 0.8956666666666667,
        "0.05": 0.21966666666666668,
        "0.1": 0.018333333333333333,
        "0.15": 0.0,
        "0.2": 0.0,
        "0.3": 0.0
      },
      "lstm": {
        "0.0": 0.8756666666666667,
        "0.05": 0.27166666666666667,
        "0.1": 0.043666666666666666,
        "0.15": 0.005333333333333333,
        "0.2": 0.001,
        "0.3": 0.0
      },
      "ltc": {
        "0.0": 0.87,
        "0.05": 0.199,
        "0.1": 0.041,
        "0.15": 0.011666666666666667,
        "0.2": 0.006,
        "0.3": 0.0003333333333333333
      }
    }
  },
  "transfer": {
    "fgsm": {
      "mlp": {
        "mlp": 0.0025,
        "cnn": 0.0715,
        "lstm": 0.1515,
        "ltc": 0.033
      },
      "cnn": {
        "mlp": 0.163,
        "cnn": 0.0135,
        "lstm": 0.2495,
        "ltc": 0.1425
      },
      "lstm": {
        "mlp": 0.207,
        "cnn": 0.2275,
        "lstm": 0.079,
        "ltc": 0.0815
      },
      "ltc": {
        "mlp": 0.3065,
        "cnn": 0.334,
        "lstm": 0.23,
        "ltc": 0.0935
      }
    },
    "pgd": {
      "mlp": {
        "mlp": 0.0005,
        "cnn": 0.067,
        "lstm": 0.1815,
        "ltc": 0.1245
      },
      "cnn": {
        "mlp": 0.1315,
        "cnn": 0.0,
        "lstm": 0.246,
        "ltc": 0.123
      },
      "lstm": {
        "mlp": 0.17,
        "cnn": 0.252,
        "lstm": 0.001,
        "ltc": 0.0435
      },
      "ltc": {
        "mlp": 0.2845,
        "cnn": 0.406,
        "lstm": 0.1865,
        "ltc": 0.007
      }
    }
  },
  "efficiency": {
    "mlp": {
      "params": 269322.0,
      "train_seconds": 15.506874666956719,
      "infer_ms_per_sample": 0.020154093363089487
    },
    "cnn": {
      "params": 224714.0,
      "train_seconds": 11.879620749969035,
      "infer_ms_per_sample": 0.023962060549820308
    },
    "lstm": {
      "params": 172426.0,
      "train_seconds": 21.631253290979657,
      "infer_ms_per_sample": 0.022309065820991236
    },
    "ltc": {
      "params": 129802.0,
      "train_seconds": 48.63531541603152,
      "infer_ms_per_sample": 0.03385643730098309
    }
  }
}