{
  "dataset": "mnist",
  "defense": "standard",
  "seed": 42,
  "epsilons": [
    0.0,
    0.05,
    0.1,
    0.15,
    0.2,
    0.3
  ],
  "transfer_eps": 0.2,
  "clean": {
    "mlp": 0.9774,
    "cnn": 0.987,
    "lstm": 0.9763,
    "ltc": 0.9681
  },
  "whitebox": {
    "fgsm": {
      "mlp": {
        "0.0": 0.9663333333333334,
        "0.05": 0.4266666666666667,
        "0.1": 0.06133333333333333,
        "0.15": 0.011,
        "0.2": 0.0026666666666666666,
        "0.3": 0.001
      },
      "cnn": {
        "0.0": 0.9803333333333333,
        "0.05": 0.9166666666666666,
        "0.1": 0.7456666666666667,
        "0.15": 0.4876666666666667,
        "0.2": 0.232,
        "0.3": 0.03
      },
      "lstm": {
        "0.0": 0.9686666666666667,
        "0.05": 0.566,
        "0.1": 0.2663333333333333,
        "0.15": 0.13466666666666666,
        "0.2": 0.08166666666666667,
        "0.3": 0.036
      },
      "ltc": {
        "0.0": 0.955,
        "0.05": 0.6193333333333333,
        "0.1": 0.244,
        "0.15": 0.11133333333333334,
        "0.2": 0.060333333333333336,
        "0.3": 0.025
      }
    },
    "pgd": {
      "mlp": {
        "0.0": 0.9663333333333334,
        "0.05": 0.363,
        "0.1": 0.025333333333333333,
        "0.15": 0.0,
        "0.2": 0.0,
        "0.3": 0.0
      },
      "cnn": {
        "0.0": 0.9803333333333333,
        "0.05": 0.9,
        "0.1": 0.6236666666666667,
        "0.15": 0.19233333333333333,
        "0.2": 0.009,
        "0.3": 0.0
      },
      "lstm": {
        "0.0": 0.9686666666666667,
        "0.05": 0.36933333333333335,
        "0.1": 0.049666666666666665,
        "0.15": 0.01,
        "0.2": 0.0023333333333333335,
        "0.3": 0.0013333333333333333
      },
      "ltc": {
        "0.0": 0.955,
        "0.05": 0.38133333333333336,
        "0.1": 0.017,
        "0.15": 0.0016666666666666668,
        "0.2": 0.0006666666666666666,
        "0.3": 0.001
      }
    }
  },
  "transfer": {
    "fgsm": {
      "mlp": {
        "mlp": 0.0035,
        "cnn": 0.77,
        "lstm": 0.2035,
        "ltc": 0.234
      },
      "cnn": {
        "mlp": 0.3175,
        "cnn": 0.2385,
        "lstm": 0.2175,
        "ltc": 0.2165
      },
      "lstm": {
        "mlp": 0.199,
        "cnn": 0.777,
        "lstm": 0.08,
        "ltc": 0.209
      },
      "ltc": {
        "mlp": 0.4725,
        "cnn": 0.8605,
        "lstm": 0.3685,
        "ltc": 0.0615
      }
    },
    "pgd": {
      "mlp": {
        "mlp": 0.0,
        "cnn": 0.802,
        "lstm": 0.259,
        "ltc": 0.243
      },
      "cnn": {
        "mlp": 0.2855,
        "cnn": 0.0095,
        "lstm": 0.264,
        "ltc": 0.218
      },
      "lstm": {
        "mlp": 0.3795,
        "cnn": 0.9225,
        "lstm": 0.002,
        "ltc": 0.271
      },
      "ltc": {
        "mlp": 0.5385,
        "cnn": 0.943,
        "lstm": 0.305,
        "ltc": 0.0015
      }
    }
  },
  "efficiency": {
    "mlp": {
      "params": 269322.0,
      "train_seconds": 11.902851207996719,
      "infer_ms_per_sample": 0.02064334297529058
    },
    "cnn": {
      "params": 224714.0,
      "train_seconds": 7.4201375000411645,
      "infer_ms_per_sample": 0.025209440229900792
    },
    "lstm": {
      "params": 172426.0,
      "train_seconds": 13.616966292029247,
      "infer_ms_per_sample": 0.023313736915042682
    },
    "ltc": {
      "params": 129802.0,
      "train_seconds": 51.66181537503144,
      "infer_ms_per_sample": 0.0361509683557415
    }
  }
}