{
  "dataset": "mnist",
  "defense": "standard",
  "seed": 41,
  "epsilons": [
    0.0,
    0.05,
    0.1,
    0.15,
    0.2,
    0.3
  ],
  "transfer_eps": 0.2,
  "clean": {
    "mlp": 0.9748,
    "cnn": 0.9875,
    "lstm": 0.9712,
    "ltc": 0.9696
  },
  "whitebox": {
    "fgsm": {
      "mlp": {
        "0.0": 0.966,
        "0.05": 0.38566666666666666,
        "0.1": 0.051,
        "0.15": 0.007,
        "0.2": 0.003,
        "0.3": 0.0006666666666666666
      },
      "cnn": {
        "0.0": 0.982,
        "0.05": 0.9283333333333333,
        "0.1": 0.7943333333333333,
        "0.15": 0.5323333333333333,
        "0.2": 0.22933333333333333,
        "0.3": 0.03
      },
      "lstm": {
        "0.0": 0.9646666666666667,
        "0.05": 0.608,
        "0.1": 0.275,
        "0.15": 0.12066666666666667,
        "0.2": 0.06066666666666667,
        "0.3": 0.027333333333333334
      },
      "ltc": {
        "0.0": 0.9593333333333334,
        "0.05": 0.6343333333333333,
        "0.1": 0.301,
        "0.15": 0.12633333333333333,
        "0.2": 0.049,
        "0.3": 0.01633333333333333
      }
    },
    "pgd": {
      "mlp": {
        "0.0": 0.966,
        "0.05": 0.31266666666666665,
        "0.1": 0.023,
        "0.15": 0.0006666666666666666,
        "0.2": 0.0,
        "0.3": 0.0
      },
      "cnn": {
        "0.0": 0.982,
        "0.05": 0.9176666666666666,
        "0.1": 0.682,
        "0.15": 0.21266666666666667,
        "0.2": 0.016666666666666666,
        "0.3": 0.0
      },
      "lstm": {
        "0.0": 0.9646666666666667,
        "0.05": 0.4216666666666667,
        "0.1": 0.044,
        "0.15": 0.0036666666666666666,
        "0.2": 0.0006666666666666666,
        "0.3": 0.0006666666666666666
      },
      "ltc": {
        "0.0": 0.9593333333333334,
        "0.05": 0.382,
        "0.1": 0.018333333333333333,
        "0.15": 0.0016666666666666668,
        "0.2": 0.0,
        "0.3": 0.0
      }
    }
  },
  "transfer": {
    "fgsm": {
      "mlp": {
        "mlp": 0.003,
        "cnn": 0.7775,
        "lstm": 0.115,
        "ltc": 0.231
      },
      "cnn": {
        "mlp": 0.274,
        "cnn": 0.2315,
        "lstm": 0.2125,
        "ltc": 0.39
      },
      "lstm": {
        "mlp": 0.175,
        "cnn": 0.8215,
        "lstm": 0.061,
        "ltc": 0.3085
      },
      "ltc": {
        "mlp": 0.3525,
        "cnn": 0.8765,
        "lstm": 0.273,
        "ltc": 0.0535
      }
    },
    "pgd": {
      "mlp": {
        "mlp": 0.0,
        "cnn": 0.8275,
        "lstm": 0.1255,
        "ltc": 0.2955
      },
      "cnn": {
        "mlp": 0.265,
        "cnn": 0.0195,
        "lstm": 0.2175,
        "ltc": 0.324
      },
      "lstm": {
        "mlp": 0.303,
        "cnn": 0.9285,
        "lstm": 0.0005,
        "ltc": 0.276
      },
      "ltc": {
        "mlp": 0.368,
        "cnn": 0.9295,
        "lstm": 0.22,
        "ltc": 0.0005
      }
    }
  },
  "efficiency": {
    "mlp": {
      "params": 269322.0,
      "train_seconds": 9.136514457990415,
      "infer_ms_per_sample": 0.021580940619969624
    },
    "cnn": {
      "params": 224714.0,
      "train_seconds": 7.722961249994114,
      "infer_ms_per_sample": 0.02893842773801225
    },
    "lstm": {
      "params": 172426.0,
      "train_seconds": 12.30215462500928,
      "infer_ms_per_sample": 0.02479518223026389
    },
    "ltc": {
      "params": 129802.0,
      "train_seconds": 52.76966508303303,
      "infer_ms_per_sample": 0.03772844237346362
    }
  }
}