{
  "dataset": "mnist",
  "defense": "standard",
  "seed": 44,
  "epsilons": [
    0.0,
    0.05,
    0.1,
    0.15,
    0.2,
    0.3
  ],
  "transfer_eps": 0.2,
  "clean": {
    "mlp": 0.9769,
    "cnn": 0.9888,
    "lstm": 0.978,
    "ltc": 0.9692
  },
  "whitebox": {
    "fgsm": {
      "mlp": {
        "0.0": 0.97,
        "0.05": 0.44,
        "0.1": 0.05366666666666667,
        "0.15": 0.009666666666666667,
        "0.2": 0.002,
        "0.3": 0.0
      },
      "cnn": {
        "0.0": 0.9833333333333333,
        "0.05": 0.9296666666666666,
        "0.1": 0.792,
        "0.15": 0.54,
        "0.2": 0.24,
        "0.3": 0.035
      },
      "lstm": {
        "0.0": 0.9716666666666667,
        "0.05": 0.6633333333333333,
        "0.1": 0.333,
        "0.15": 0.16233333333333333,
        "0.2": 0.09866666666666667,
        "0.3": 0.060333333333333336
      },
      "ltc": {
        "0.0": 0.9573333333333334,
        "0.05": 0.613,
        "0.1": 0.25333333333333335,
        "0.15": 0.11833333333333333,
        "0.2": 0.066,
        "0.3": 0.03233333333333333
      }
    },
    "pgd": {
      "mlp": {
        "0.0": 0.97,
        "0.05": 0.3456666666666667,
        "0.1": 0.024333333333333332,
        "0.15": 0.0003333333333333333,
        "0.2": 0.0,
        "0.3": 0.0
      },
      "cnn": {
        "0.0": 0.9833333333333333,
        "0.05": 0.916,
        "0.1": 0.65,
        "0.15": 0.16633333333333333,
        "0.2": 0.015,
        "0.3": 0.0
      },
      "lstm": {
        "0.0": 0.9716666666666667,
        "0.05": 0.4513333333333333,
        "0.1": 0.05566666666666667,
        "0.15": 0.008,
        "0.2": 0.0006666666666666666,
        "0.3": 0.0003333333333333333
      },
      "ltc": {
        "0.0": 0.9573333333333334,
        "0.05": 0.3983333333333333,
        "0.1": 0.033,
        "0.15": 0.0006666666666666666,
        "0.2": 0.0006666666666666666,
        "0.3": 0.0006666666666666666
      }
    }
  },
  "transfer": {
    "fgsm": {
      "mlp": {
        "mlp": 0.002,
        "cnn": 0.775,
        "lstm": 0.151,
        "ltc": 0.2645
      },
      "cnn": {
        "mlp": 0.316,
        "cnn": 0.247,
        "lstm": 0.233,
        "ltc": 0.3405
      },
      "lstm": {
        "mlp": 0.228,
        "cnn": 0.823,
        "lstm": 0.0965,
        "ltc": 0.326
      },
      "ltc": {
        "mlp": 0.419,
        "cnn": 0.8905,
        "lstm": 0.339,
        "ltc": 0.0635
      }
    },
    "pgd": {
      "mlp": {
        "mlp": 0.0,
        "cnn": 0.8595,
        "lstm": 0.184,
        "ltc": 0.2875
      },
      "cnn": {
        "mlp": 0.302,
        "cnn": 0.015,
        "lstm": 0.231,
        "ltc": 0.341
      },
      "lstm": {
        "mlp": 0.3875,
        "cnn": 0.925,
        "lstm": 0.0015,
        "ltc": 0.31
      },
      "ltc": {
        "mlp": 0.442,
        "cnn": 0.941,
        "lstm": 0.229,
        "ltc": 0.001
      }
    }
  },
  "efficiency": {
    "mlp": {
      "params": 269322.0,
      "train_seconds": 10.074920124956407,
      "infer_ms_per_sample": 0.020808691397178336
    },
    "cnn": {
      "params": 224714.0,
      "train_seconds": 6.521072375006042,
      "infer_ms_per_sample": 0.023485961912683706
    },
    "lstm": {
      "params": 172426.0,
      "train_seconds": 15.215993791003712,
      "infer_ms_per_sample": 0.02254120292946027
    },
    "ltc": {
      "params": 129802.0,
      "train_seconds": 51.41647820803337,
      "infer_ms_per_sample": 0.035681184760960605
    }
  }
}