{
  "dataset": "mnist",
  "defense": "adv_pgd",
  "seed": 41,
  "epsilons": [
    0.0,
    0.05,
    0.1,
    0.15,
    0.2,
    0.3
  ],
  "transfer_eps": 0.2,
  "clean": {
    "mlp": 0.9131,
    "cnn": 0.982,
    "lstm": 0.9467,
    "ltc": 0.9407
  },
  "whitebox": {
    "fgsm": {
      "mlp": {
        "0.0": 0.88,
        "0.05": 0.8146666666666667,
        "0.1": 0.7276666666666667,
        "0.15": 0.6316666666666667,
        "0.2": 0.526,
        "0.3": 0.263
      },
      "cnn": {
        "0.0": 0.9726666666666667,
        "0.05": 0.9543333333333334,
        "0.1": 0.9376666666666666,
        "0.15": 0.9166666666666666,
        "0.2": 0.8876666666666667,
        "0.3": 0.872
      },
      "lstm": {
        "0.0": 0.931,
        "0.05": 0.9023333333333333,
        "0.1": 0.863,
        "0.15": 0.812,
        "0.2": 0.7486666666666667,
        "0.3": 0.595
      },
      "ltc": {
        "0.0": 0.9246666666666666,
        "0.05": 0.897,
        "0.1": 0.8623333333333333,
        "0.15": 0.826,
        "0.2": 0.7766666666666666,
        "0.3": 0.6773333333333333
      }
    },
    "pgd": {
      "mlp": {
        "0.0": 0.88,
        "0.05": 0.812,
        "0.1": 0.717,
        "0.15": 0.6043333333333333,
        "0.2": 0.44033333333333335,
        "0.3": 0.057
      },
      "cnn": {
        "0.0": 0.9726666666666667,
        "0.05": 0.953,
        "0.1": 0.9353333333333333,
        "0.15": 0.8996666666666666,
        "0.2": 0.8453333333333334,
        "0.3": 0.031
      },
      "lstm": {
        "0.0": 0.931,
        "0.05": 0.9023333333333333,
        "0.1": 0.8546666666666667,
        "0.15": 0.7766666666666666,
        "0.2": 0.6546666666666666,
        "0.3": 0.07
      },
      "ltc": {
        "0.0": 0.9246666666666666,
        "0.05": 0.896,
        "0.1": 0.8543333333333333,
        "0.15": 0.797,
        "0.2": 0.7016666666666667,
        "0.3": 0.145
      }
    }
  },
  "transfer": {
    "fgsm": {
      "mlp": {
        "mlp": 0.524,
        "cnn": 0.93,
        "lstm": 0.8275,
        "ltc": 0.8535
      },
      "cnn": {
        "mlp": 0.8155,
        "cnn": 0.8885,
        "lstm": 0.875,
        "ltc": 0.8705
      },
      "lstm": {
        "mlp": 0.7185,
        "cnn": 0.9305,
        "lstm": 0.757,
        "ltc": 0.8075
      },
      "ltc": {
        "mlp": 0.765,
        "cnn": 0.94,
        "lstm": 0.825,
        "ltc": 0.7805
      }
    },
    "pgd": {
      "mlp": {
        "mlp": 0.4455,
        "cnn": 0.931,
        "lstm": 0.8295,
        "ltc": 0.855
      },
      "cnn": {
        "mlp": 0.7775,
        "cnn": 0.849,
        "lstm": 0.8525,
        "ltc": 0.856
      },
      "lstm": {
        "mlp": 0.6885,
        "cnn": 0.9285,
        "lstm": 0.6575,
        "ltc": 0.786
      },
      "ltc": {
        "mlp": 0.7435,
        "cnn": 0.9345,
        "lstm": 0.7875,
        "ltc": 0.7135
      }
    }
  },
  "efficiency": {
    "mlp": {
      "params": 269322.0,
      "train_seconds": 12.384531459014397,
      "infer_ms_per_sample": 0.021470361332376342
    },
    "cnn": {
      "params": 224714.0,
      "train_seconds": 11.765824208036065,
      "infer_ms_per_sample": 0.02634296874930442
    },
    "lstm": {
      "params": 172426.0,
      "train_seconds": 14.239953125012107,
      "infer_ms_per_sample": 0.025352425006985868
    },
    "ltc": {
      "params": 129802.0,
      "train_seconds": 64.41716504195938,
      "infer_ms_per_sample": 0.036998754876549356
    }
  }
}