{
  "dataset": "mnist",
  "defense": "adv_pgd",
  "seed": 45,
  "epsilons": [
    0.0,
    0.05,
    0.1,
    0.15,
    0.2,
    0.3
  ],
  "transfer_eps": 0.2,
  "clean": {
    "mlp": 0.9174,
    "cnn": 0.9751,
    "lstm": 0.9521,
    "ltc": 0.9431
  },
  "whitebox": {
    "fgsm": {
      "mlp": {
        "0.0": 0.8873333333333333,
        "0.05": 0.8213333333333334,
        "0.1": 0.7403333333333333,
        "0.15": 0.6396666666666667,
        "0.2": 0.5306666666666666,
        "0.3": 0.26266666666666666
      },
      "cnn": {
        "0.0": 0.963,
        "0.05": 0.9436666666666667,
        "0.1": 0.9186666666666666,
        "0.15": 0.8926666666666667,
        "0.2": 0.856,
        "0.3": 0.8306666666666667
      },
      "lstm": {
        "0.0": 0.9393333333333334,
        "0.05": 0.9066666666666666,
        "0.1": 0.8636666666666667,
        "0.15": 0.8163333333333334,
        "0.2": 0.7546666666666667,
        "0.3": 0.5616666666666666
      },
      "ltc": {
        "0.0": 0.928,
        "0.05": 0.8996666666666666,
        "0.1": 0.86,
        "0.15": 0.813,
        "0.2": 0.762,
        "0.3": 0.6626666666666666
      }
    },
    "pgd": {
      "mlp": {
        "0.0": 0.8873333333333333,
        "0.05": 0.8196666666666667,
        "0.1": 0.7316666666666667,
        "0.15": 0.6076666666666667,
        "0.2": 0.449,
        "0.3": 0.056666666666666664
      },
      "cnn": {
        "0.0": 0.963,
        "0.05": 0.942,
        "0.1": 0.9133333333333333,
        "0.15": 0.8723333333333333,
        "0.2": 0.7926666666666666,
        "0.3": 0.009333333333333334
      },
      "lstm": {
        "0.0": 0.9393333333333334,
        "0.05": 0.9053333333333333,
        "0.1": 0.8563333333333333,
        "0.15": 0.7846666666666666,
        "0.2": 0.6543333333333333,
        "0.3": 0.08233333333333333
      },
      "ltc": {
        "0.0": 0.928,
        "0.05": 0.8986666666666666,
        "0.1": 0.849,
        "0.15": 0.783,
        "0.2": 0.6916666666666667,
        "0.3": 0.14666666666666667
      }
    }
  },
  "transfer": {
    "fgsm": {
      "mlp": {
        "mlp": 0.534,
        "cnn": 0.909,
        "lstm": 0.839,
        "ltc": 0.847
      },
      "cnn": {
        "mlp": 0.817,
        "cnn": 0.856,
        "lstm": 0.877,
        "ltc": 0.8645
      },
      "lstm": {
        "mlp": 0.7195,
        "cnn": 0.909,
        "lstm": 0.7635,
        "ltc": 0.8105
      },
      "ltc": {
        "mlp": 0.7555,
        "cnn": 0.9245,
        "lstm": 0.835,
        "ltc": 0.7675
      }
    },
    "pgd": {
      "mlp": {
        "mlp": 0.4505,
        "cnn": 0.91,
        "lstm": 0.8325,
        "ltc": 0.8425
      },
      "cnn": {
        "mlp": 0.7735,
        "cnn": 0.7955,
        "lstm": 0.8575,
        "ltc": 0.842
      },
      "lstm": {
        "mlp": 0.7,
        "cnn": 0.9045,
        "lstm": 0.658,
        "ltc": 0.789
      },
      "ltc": {
        "mlp": 0.745,
        "cnn": 0.915,
        "lstm": 0.8005,
        "ltc": 0.6985
      }
    }
  },
  "efficiency": {
    "mlp": {
      "params": 269322.0,
      "train_seconds": 11.963234208000358,
      "infer_ms_per_sample": 0.020596240233317076
    },
    "cnn": {
      "params": 224714.0,
      "train_seconds": 10.92657579202205,
      "infer_ms_per_sample": 0.024880240823677013
    },
    "lstm": {
      "params": 172426.0,
      "train_seconds": 14.087371375004295,
      "infer_ms_per_sample": 0.023664925197408593
    },
    "ltc": {
      "params": 129802.0,
      "train_seconds": 65.0263207909884,
      "infer_ms_per_sample": 0.03605524901786339
    }
  }
}