{
  "dataset": "mnist",
  "defense": "standard",
  "seed": 43,
  "epsilons": [
    0.0,
    0.05,
    0.1,
    0.15,
    0.2,
    0.3
  ],
  "transfer_eps": 0.2,
  "clean": {
    "mlp": 0.9769,
    "cnn": 0.986,
    "lstm": 0.9735,
    "ltc": 0.9715
  },
  "whitebox": {
    "fgsm": {
      "mlp": {
        "0.0": 0.9686666666666667,
        "0.05": 0.434,
        "0.1": 0.05266666666666667,
        "0.15": 0.007666666666666666,
        "0.2": 0.0023333333333333335,
        "0.3": 0.0003333333333333333
      },
      "cnn": {
        "0.0": 0.978,
        "0.05": 0.917,
        "0.1": 0.7626666666666667,
        "0.15": 0.5083333333333333,
        "0.2": 0.25333333333333335,
        "0.3": 0.036333333333333336
      },
      "lstm": {
        "0.0": 0.9676666666666667,
        "0.05": 0.681,
        "0.1": 0.38566666666666666,
        "0.15": 0.22866666666666666,
        "0.2": 0.14966666666666667,
        "0.3": 0.08233333333333333
      },
      "ltc": {
        "0.0": 0.961,
        "0.05": 0.6196666666666667,
        "0.1": 0.23833333333333334,
        "0.15": 0.07933333333333334,
        "0.2": 0.03133333333333333,
        "0.3": 0.011666666666666667
      }
    },
    "pgd": {
      "mlp": {
        "0.0": 0.9686666666666667,
        "0.05": 0.3496666666666667,
        "0.1": 0.022,
        "0.15": 0.001,
        "0.2": 0.0,
        "0.3": 0.0
      },
      "cnn": {
        "0.0": 0.978,
        "0.05": 0.899,
        "0.1": 0.6356666666666667,
        "0.15": 0.19866666666666666,
        "0.2": 0.012,
        "0.3": 0.0
      },
      "lstm": {
        "0.0": 0.9676666666666667,
        "0.05": 0.48833333333333334,
        "0.1": 0.07466666666666667,
        "0.15": 0.011666666666666667,
        "0.2": 0.0016666666666666668,
        "0.3": 0.0
      },
      "ltc": {
        "0.0": 0.961,
        "0.05": 0.38033333333333336,
        "0.1": 0.03666666666666667,
        "0.15": 0.0006666666666666666,
        "0.2": 0.0,
        "0.3": 0.0003333333333333333
      }
    }
  },
  "transfer": {
    "fgsm": {
      "mlp": {
        "mlp": 0.001,
        "cnn": 0.7815,
        "lstm": 0.215,
        "ltc": 0.187
      },
      "cnn": {
        "mlp": 0.351,
        "cnn": 0.263,
        "lstm": 0.247,
        "ltc": 0.2875
      },
      "lstm": {
        "mlp": 0.248,
        "cnn": 0.829,
        "lstm": 0.159,
        "ltc": 0.226
      },
      "ltc": {
        "mlp": 0.4005,
        "cnn": 0.8415,
        "lstm": 0.367,
        "ltc": 0.034
      }
    },
    "pgd": {
      "mlp": {
        "mlp": 0.0,
        "cnn": 0.8135,
        "lstm": 0.241,
        "ltc": 0.215
      },
      "cnn": {
        "mlp": 0.3055,
        "cnn": 0.0135,
        "lstm": 0.3045,
        "ltc": 0.3085
      },
      "lstm": {
        "mlp": 0.3155,
        "cnn": 0.9075,
        "lstm": 0.003,
        "ltc": 0.2805
      },
      "ltc": {
        "mlp": 0.45,
        "cnn": 0.929,
        "lstm": 0.325,
        "ltc": 0.0
      }
    }
  },
  "efficiency": {
    "mlp": {
      "params": 269322.0,
      "train_seconds": 10.066949416999705,
      "infer_ms_per_sample": 0.02098527832004038
    },
    "cnn": {
      "params": 224714.0,
      "train_seconds": 6.465428916970268,
      "infer_ms_per_sample": 0.024228385348123993
    },
    "lstm": {
      "params": 172426.0,
      "train_seconds": 11.96827495796606,
      "infer_ms_per_sample": 0.021650455857979978
    },
    "ltc": {
      "params": 129802.0,
      "train_seconds": 51.09086491697235,
      "infer_ms_per_sample": 0.03616246738147311
    }
  }
}