{
  "dataset": "mnist",
  "defense": "standard",
  "seed": 45,
  "epsilons": [
    0.0,
    0.05,
    0.1,
    0.15,
    0.2,
    0.3
  ],
  "transfer_eps": 0.2,
  "clean": {
    "mlp": 0.9771,
    "cnn": 0.9851,
    "lstm": 0.9809,
    "ltc": 0.9655
  },
  "whitebox": {
    "fgsm": {
      "mlp": {
        "0.0": 0.9656666666666667,
        "0.05": 0.44366666666666665,
        "0.1": 0.055,
        "0.15": 0.013,
        "0.2": 0.004666666666666667,
        "0.3": 0.001
      },
      "cnn": {
        "0.0": 0.9753333333333334,
        "0.05": 0.9216666666666666,
        "0.1": 0.7746666666666666,
        "0.15": 0.5316666666666666,
        "0.2": 0.26766666666666666,
        "0.3": 0.037
      },
      "lstm": {
        "0.0": 0.9723333333333334,
        "0.05": 0.6293333333333333,
        "0.1": 0.269,
        "0.15": 0.139,
        "0.2": 0.092,
        "0.3": 0.056666666666666664
      },
      "ltc": {
        "0.0": 0.951,
        "0.05": 0.5643333333333334,
        "0.1": 0.24466666666666667,
        "0.15": 0.12233333333333334,
        "0.2": 0.07066666666666667,
        "0.3": 0.03333333333333333
      }
    },
    "pgd": {
      "mlp": {
        "0.0": 0.9656666666666667,
        "0.05": 0.35133333333333333,
        "0.1": 0.02666666666666667,
        "0.15": 0.0003333333333333333,
        "0.2": 0.0,
        "0.3": 0.0
      },
      "cnn": {
        "0.0": 0.9753333333333334,
        "0.05": 0.9063333333333333,
        "0.1": 0.6443333333333333,
        "0.15": 0.158,
        "0.2": 0.005333333333333333,
        "0.3": 0.0
      },
      "lstm": {
        "0.0": 0.9723333333333334,
        "0.05": 0.368,
        "0.1": 0.036,
        "0.15": 0.004,
        "0.2": 0.002,
        "0.3": 0.0006666666666666666
      },
      "ltc": {
        "0.0": 0.951,
        "0.05": 0.2956666666666667,
        "0.1": 0.013333333333333334,
        "0.15": 0.0013333333333333333,
        "0.2": 0.0003333333333333333,
        "0.3": 0.0
      }
    }
  },
  "transfer": {
    "fgsm": {
      "mlp": {
        "mlp": 0.0065,
        "cnn": 0.7645,
        "lstm": 0.191,
        "ltc": 0.2225
      },
      "cnn": {
        "mlp": 0.322,
        "cnn": 0.2735,
        "lstm": 0.2495,
        "ltc": 0.3075
      },
      "lstm": {
        "mlp": 0.223,
        "cnn": 0.816,
        "lstm": 0.0885,
        "ltc": 0.2515
      },
      "ltc": {
        "mlp": 0.3765,
        "cnn": 0.8655,
        "lstm": 0.244,
        "ltc": 0.0695
      }
    },
    "pgd": {
      "mlp": {
        "mlp": 0.0,
        "cnn": 0.824,
        "lstm": 0.1985,
        "ltc": 0.2205
      },
      "cnn": {
        "mlp": 0.355,
        "cnn": 0.0055,
        "lstm": 0.287,
        "ltc": 0.3685
      },
      "lstm": {
        "mlp": 0.4795,
        "cnn": 0.9305,
        "lstm": 0.0015,
        "ltc": 0.3575
      },
      "ltc": {
        "mlp": 0.4765,
        "cnn": 0.938,
        "lstm": 0.241,
        "ltc": 0.0005
      }
    }
  },
  "efficiency": {
    "mlp": {
      "params": 269322.0,
      "train_seconds": 11.508996792021208,
      "infer_ms_per_sample": 0.020504882809291303
    },
    "cnn": {
      "params": 224714.0,
      "train_seconds": 6.784824041998945,
      "infer_ms_per_sample": 0.025137402337804815
    },
    "lstm": {
      "params": 172426.0,
      "train_seconds": 15.494539584033191,
      "infer_ms_per_sample": 0.022581445318792248
    },
    "ltc": {
      "params": 129802.0,
      "train_seconds": 52.149440166016575,
      "infer_ms_per_sample": 0.03549284667769825
    }
  }
}