{
  "dataset": "mnist",
  "defense": "adv_pgd",
  "seed": 44,
  "epsilons": [
    0.0,
    0.05,
    0.1,
    0.15,
    0.2,
    0.3
  ],
  "transfer_eps": 0.2,
  "clean": {
    "mlp": 0.917,
    "cnn": 0.9801,
    "lstm": 0.9451,
    "ltc": 0.9477
  },
  "whitebox": {
    "fgsm": {
      "mlp": {
        "0.0": 0.8886666666666667,
        "0.05": 0.8196666666666667,
        "0.1": 0.7346666666666667,
        "0.15": 0.6423333333333333,
        "0.2": 0.534,
        "0.3": 0.255
      },
      "cnn": {
        "0.0": 0.9703333333333334,
        "0.05": 0.9526666666666667,
        "0.1": 0.9316666666666666,
        "0.15": 0.9043333333333333,
        "0.2": 0.8703333333333333,
        "0.3": 0.7976666666666666
      },
      "lstm": {
        "0.0": 0.929,
        "0.05": 0.9013333333333333,
        "0.1": 0.8626666666666667,
        "0.15": 0.8176666666666667,
        "0.2": 0.7516666666666667,
        "0.3": 0.5613333333333334
      },
      "ltc": {
        "0.0": 0.9333333333333333,
        "0.05": 0.9046666666666666,
        "0.1": 0.879,
        "0.15": 0.8393333333333334,
        "0.2": 0.7946666666666666,
        "0.3": 0.6896666666666667
      }
    },
    "pgd": {
      "mlp": {
        "0.0": 0.8886666666666667,
        "0.05": 0.8173333333333334,
        "0.1": 0.7216666666666667,
        "0.15": 0.6086666666666667,
        "0.2": 0.44233333333333336,
        "0.3": 0.049666666666666665
      },
      "cnn": {
        "0.0": 0.9703333333333334,
        "0.05": 0.951,
        "0.1": 0.9263333333333333,
        "0.15": 0.885,
        "0.2": 0.8126666666666666,
        "0.3": 0.034333333333333334
      },
      "lstm": {
        "0.0": 0.929,
        "0.05": 0.9003333333333333,
        "0.1": 0.8583333333333333,
        "0.15": 0.7806666666666666,
        "0.2": 0.6676666666666666,
        "0.3": 0.07666666666666666
      },
      "ltc": {
        "0.0": 0.9333333333333333,
        "0.05": 0.9043333333333333,
        "0.1": 0.871,
        "0.15": 0.811,
        "0.2": 0.726,
        "0.3": 0.224
      }
    }
  },
  "transfer": {
    "fgsm": {
      "mlp": {
        "mlp": 0.531,
        "cnn": 0.919,
        "lstm": 0.8285,
        "ltc": 0.8675
      },
      "cnn": {
        "mlp": 0.784,
        "cnn": 0.8725,
        "lstm": 0.862,
        "ltc": 0.8735
      },
      "lstm": {
        "mlp": 0.713,
        "cnn": 0.928,
        "lstm": 0.7555,
        "ltc": 0.8225
      },
      "ltc": {
        "mlp": 0.755,
        "cnn": 0.938,
        "lstm": 0.831,
        "ltc": 0.797
      }
    },
    "pgd": {
      "mlp": {
        "mlp": 0.4475,
        "cnn": 0.9215,
        "lstm": 0.824,
        "ltc": 0.8715
      },
      "cnn": {
        "mlp": 0.746,
        "cnn": 0.819,
        "lstm": 0.842,
        "ltc": 0.8605
      },
      "lstm": {
        "mlp": 0.688,
        "cnn": 0.9185,
        "lstm": 0.676,
        "ltc": 0.807
      },
      "ltc": {
        "mlp": 0.7515,
        "cnn": 0.936,
        "lstm": 0.7975,
        "ltc": 0.729
      }
    }
  },
  "efficiency": {
    "mlp": {
      "params": 269322.0,
      "train_seconds": 11.753276250034105,
      "infer_ms_per_sample": 0.020409545891197922
    },
    "cnn": {
      "params": 224714.0,
      "train_seconds": 10.751648791017942,
      "infer_ms_per_sample": 0.022959277339396067
    },
    "lstm": {
      "params": 172426.0,
      "train_seconds": 14.379497750021983,
      "infer_ms_per_sample": 0.02234661445754682
    },
    "ltc": {
      "params": 129802.0,
      "train_seconds": 73.16927429195493,
      "infer_ms_per_sample": 0.03385800781643411
    }
  }
}