{
  "dataset": "mnist",
  "defense": "adv_pgd",
  "seed": 43,
  "epsilons": [
    0.0,
    0.05,
    0.1,
    0.15,
    0.2,
    0.3
  ],
  "transfer_eps": 0.2,
  "clean": {
    "mlp": 0.9187,
    "cnn": 0.9841,
    "lstm": 0.9336,
    "ltc": 0.9468
  },
  "whitebox": {
    "fgsm": {
      "mlp": {
        "0.0": 0.889,
        "0.05": 0.834,
        "0.1": 0.7493333333333333,
        "0.15": 0.6593333333333333,
        "0.2": 0.541,
        "0.3": 0.257
      },
      "cnn": {
        "0.0": 0.9756666666666667,
        "0.05": 0.959,
        "0.1": 0.9433333333333334,
        "0.15": 0.9193333333333333,
        "0.2": 0.885,
        "0.3": 0.7776666666666666
      },
      "lstm": {
        "0.0": 0.9096666666666666,
        "0.05": 0.877,
        "0.1": 0.8203333333333334,
        "0.15": 0.763,
        "0.2": 0.6873333333333334,
        "0.3": 0.5083333333333333
      },
      "ltc": {
        "0.0": 0.9313333333333333,
        "0.05": 0.9083333333333333,
        "0.1": 0.8806666666666667,
        "0.15": 0.849,
        "0.2": 0.8046666666666666,
        "0.3": 0.7006666666666667
      }
    },
    "pgd": {
      "mlp": {
        "0.0": 0.889,
        "0.05": 0.8313333333333334,
        "0.1": 0.74,
        "0.15": 0.616,
        "0.2": 0.448,
        "0.3": 0.052333333333333336
      },
      "cnn": {
        "0.0": 0.9756666666666667,
        "0.05": 0.959,
        "0.1": 0.9406666666666667,
        "0.15": 0.9083333333333333,
        "0.2": 0.845,
        "0.3": 0.05533333333333333
      },
      "lstm": {
        "0.0": 0.9096666666666666,
        "0.05": 0.8763333333333333,
        "0.1": 0.8093333333333333,
        "0.15": 0.7356666666666667,
        "0.2": 0.6003333333333334,
        "0.3": 0.07466666666666667
      },
      "ltc": {
        "0.0": 0.9313333333333333,
        "0.05": 0.908,
        "0.1": 0.8723333333333333,
        "0.15": 0.8213333333333334,
        "0.2": 0.7313333333333333,
        "0.3": 0.165
      }
    }
  },
  "transfer": {
    "fgsm": {
      "mlp": {
        "mlp": 0.541,
        "cnn": 0.939,
        "lstm": 0.8015,
        "ltc": 0.8755
      },
      "cnn": {
        "mlp": 0.8125,
        "cnn": 0.888,
        "lstm": 0.859,
        "ltc": 0.884
      },
      "lstm": {
        "mlp": 0.736,
        "cnn": 0.943,
        "lstm": 0.6925,
        "ltc": 0.836
      },
      "ltc": {
        "mlp": 0.7895,
        "cnn": 0.95,
        "lstm": 0.8125,
        "ltc": 0.811
      }
    },
    "pgd": {
      "mlp": {
        "mlp": 0.452,
        "cnn": 0.937,
        "lstm": 0.804,
        "ltc": 0.8685
      },
      "cnn": {
        "mlp": 0.783,
        "cnn": 0.845,
        "lstm": 0.8425,
        "ltc": 0.874
      },
      "lstm": {
        "mlp": 0.7045,
        "cnn": 0.946,
        "lstm": 0.6065,
        "ltc": 0.8165
      },
      "ltc": {
        "mlp": 0.7715,
        "cnn": 0.9495,
        "lstm": 0.7805,
        "ltc": 0.7345
      }
    }
  },
  "efficiency": {
    "mlp": {
      "params": 269322.0,
      "train_seconds": 11.974921458982863,
      "infer_ms_per_sample": 0.020154003902916884
    },
    "cnn": {
      "params": 224714.0,
      "train_seconds": 11.252586041984614,
      "infer_ms_per_sample": 0.025379654880453018
    },
    "lstm": {
      "params": 172426.0,
      "train_seconds": 13.99643845797982,
      "infer_ms_per_sample": 0.026797770112807484
    },
    "ltc": {
      "params": 129802.0,
      "train_seconds": 75.43661537498701,
      "infer_ms_per_sample": 0.035591023629422125
    }
  }
}