{
  "dataset": "mnist",
  "defense": "adv_pgd",
  "seed": 42,
  "epsilons": [
    0.0,
    0.05,
    0.1,
    0.15,
    0.2,
    0.3
  ],
  "transfer_eps": 0.2,
  "clean": {
    "mlp": 0.9188,
    "cnn": 0.9565,
    "lstm": 0.9471,
    "ltc": 0.9476
  },
  "whitebox": {
    "fgsm": {
      "mlp": {
        "0.0": 0.894,
        "0.05": 0.817,
        "0.1": 0.7273333333333334,
        "0.15": 0.6343333333333333,
        "0.2": 0.5256666666666666,
        "0.3": 0.2813333333333333
      },
      "cnn": {
        "0.0": 0.938,
        "0.05": 0.914,
        "0.1": 0.8863333333333333,
        "0.15": 0.861,
        "0.2": 0.8176666666666667,
        "0.3": 0.6213333333333333
      },
      "lstm": {
        "0.0": 0.9316666666666666,
        "0.05": 0.9056666666666666,
        "0.1": 0.8623333333333333,
        "0.15": 0.8126666666666666,
        "0.2": 0.745,
        "0.3": 0.575
      },
      "ltc": {
        "0.0": 0.9323333333333333,
        "0.05": 0.9103333333333333,
        "0.1": 0.8783333333333333,
        "0.15": 0.8493333333333334,
        "0.2": 0.8086666666666666,
        "0.3": 0.6916666666666667
      }
    },
    "pgd": {
      "mlp": {
        "0.0": 0.894,
        "0.05": 0.8146666666666667,
        "0.1": 0.7136666666666667,
        "0.15": 0.6,
        "0.2": 0.44333333333333336,
        "0.3": 0.06566666666666666
      },
      "cnn": {
        "0.0": 0.938,
        "0.05": 0.9123333333333333,
        "0.1": 0.8826666666666667,
        "0.15": 0.8413333333333334,
        "0.2": 0.773,
        "0.3": 0.019333333333333334
      },
      "lstm": {
        "0.0": 0.9316666666666666,
        "0.05": 0.9046666666666666,
        "0.1": 0.852,
        "0.15": 0.7756666666666666,
        "0.2": 0.6566666666666666,
        "0.3": 0.10233333333333333
      },
      "ltc": {
        "0.0": 0.9323333333333333,
        "0.05": 0.91,
        "0.1": 0.8713333333333333,
        "0.15": 0.8243333333333334,
        "0.2": 0.73,
        "0.3": 0.12266666666666666
      }
    }
  },
  "transfer": {
    "fgsm": {
      "mlp": {
        "mlp": 0.531,
        "cnn": 0.9,
        "lstm": 0.829,
        "ltc": 0.873
      },
      "cnn": {
        "mlp": 0.8285,
        "cnn": 0.8185,
        "lstm": 0.8965,
        "ltc": 0.8955
      },
      "lstm": {
        "mlp": 0.7085,
        "cnn": 0.8975,
        "lstm": 0.7535,
        "ltc": 0.8295
      },
      "ltc": {
        "mlp": 0.763,
        "cnn": 0.905,
        "lstm": 0.8385,
        "ltc": 0.8125
      }
    },
    "pgd": {
      "mlp": {
        "mlp": 0.4465,
        "cnn": 0.8945,
        "lstm": 0.8315,
        "ltc": 0.868
      },
      "cnn": {
        "mlp": 0.8025,
        "cnn": 0.778,
        "lstm": 0.8835,
        "ltc": 0.889
      },
      "lstm": {
        "mlp": 0.6905,
        "cnn": 0.8975,
        "lstm": 0.6595,
        "ltc": 0.812
      },
      "ltc": {
        "mlp": 0.7495,
        "cnn": 0.8985,
        "lstm": 0.799,
        "ltc": 0.732
      }
    }
  },
  "efficiency": {
    "mlp": {
      "params": 269322.0,
      "train_seconds": 12.133422459010035,
      "infer_ms_per_sample": 0.019833048429518385
    },
    "cnn": {
      "params": 224714.0,
      "train_seconds": 23.44762841600459,
      "infer_ms_per_sample": 0.028683756636382896
    },
    "lstm": {
      "params": 172426.0,
      "train_seconds": 15.271101291989908,
      "infer_ms_per_sample": 0.028417277155767806
    },
    "ltc": {
      "params": 129802.0,
      "train_seconds": 75.78991775005125,
      "infer_ms_per_sample": 0.03463850098341936
    }
  }
}