{
  "dataset": "qmnist",
  "defense": "adv_pgd",
  "seed": 42,
  "epsilons": [
    0.0,
    0.05,
    0.1,
    0.15,
    0.2,
    0.3
  ],
  "transfer_eps": 0.2,
  "clean": {
    "mlp": 0.9171333333333334,
    "cnn": 0.8947,
    "lstm": 0.9416166666666667,
    "ltc": 0.9418
  },
  "whitebox": {
    "fgsm": {
      "mlp": {
        "0.0": 0.8896666666666667,
        "0.05": 0.829,
        "0.1": 0.7426666666666667,
        "0.15": 0.648,
        "0.2": 0.5386666666666666,
        "0.3": 0.286
      },
      "cnn": {
        "0.0": 0.8696666666666667,
        "0.05": 0.8276666666666667,
        "0.1": 0.7873333333333333,
        "0.15": 0.7393333333333333,
        "0.2": 0.692,
        "0.3": 0.447
      },
      "lstm": {
        "0.0": 0.9323333333333333,
        "0.05": 0.9053333333333333,
        "0.1": 0.8636666666666667,
        "0.15": 0.811,
        "0.2": 0.7493333333333333,
        "0.3": 0.5763333333333334
      },
      "ltc": {
        "0.0": 0.932,
        "0.05": 0.9113333333333333,
        "0.1": 0.8803333333333333,
        "0.15": 0.8486666666666667,
        "0.2": 0.8093333333333333,
        "0.3": 0.6853333333333333
      }
    },
    "pgd": {
      "mlp": {
        "0.0": 0.8896666666666667,
        "0.05": 0.824,
        "0.1": 0.728,
        "0.15": 0.6096666666666667,
        "0.2": 0.459,
        "0.3": 0.058333333333333334
      },
      "cnn": {
        "0.0": 0.8696666666666667,
        "0.05": 0.825,
        "0.1": 0.775,
        "0.15": 0.7153333333333334,
        "0.2": 0.6293333333333333,
        "0.3": 0.05333333333333334
      },
      "lstm": {
        "0.0": 0.9323333333333333,
        "0.05": 0.9053333333333333,
        "0.1": 0.855,
        "0.15": 0.777,
        "0.2": 0.653,
        "0.3": 0.12066666666666667
      },
      "ltc": {
        "0.0": 0.932,
        "0.05": 0.9103333333333333,
        "0.1": 0.8726666666666667,
        "0.15": 0.8246666666666667,
        "0.2": 0.7273333333333334,
        "0.3": 0.11833333333333333
      }
    }
  },
  "transfer": {
    "fgsm": {
      "mlp": {
        "mlp": 0.54,
        "cnn": 0.8065,
        "lstm": 0.8345,
        "ltc": 0.872
      },
      "cnn": {
        "mlp": 0.8365,
        "cnn": 0.6915,
        "lstm": 0.8975,
        "ltc": 0.904
      },
      "lstm": {
        "mlp": 0.719,
        "cnn": 0.806,
        "lstm": 0.756,
        "ltc": 0.83
      },
      "ltc": {
        "mlp": 0.7645,
        "cnn": 0.818,
        "lstm": 0.8355,
        "ltc": 0.8105
      }
    },
    "pgd": {
      "mlp": {
        "mlp": 0.461,
        "cnn": 0.8015,
        "lstm": 0.832,
        "ltc": 0.865
      },
      "cnn": {
        "mlp": 0.821,
        "cnn": 0.6345,
        "lstm": 0.89,
        "ltc": 0.898
      },
      "lstm": {
        "mlp": 0.697,
        "cnn": 0.8045,
        "lstm": 0.665,
        "ltc": 0.8115
      },
      "ltc": {
        "mlp": 0.7575,
        "cnn": 0.8125,
        "lstm": 0.7955,
        "ltc": 0.73
      }
    }
  },
  "efficiency": {
    "mlp": {
      "params": 269322.0,
      "train_seconds": 11.90112237498397,
      "infer_ms_per_sample": 0.020598933792825846
    },
    "cnn": {
      "params": 224714.0,
      "train_seconds": 25.049816042010207,
      "infer_ms_per_sample": 0.026435270319780102
    },
    "lstm": {
      "params": 172426.0,
      "train_seconds": 14.744292374991346,
      "infer_ms_per_sample": 0.02315048008085796
    },
    "ltc": {
      "params": 129802.0,
      "train_seconds": 71.18330075003905,
      "infer_ms_per_sample": 0.03415707207068408
    }
  }
}