{
  "dataset": "qmnist",
  "defense": "adv_pgd",
  "seed": 45,
  "epsilons": [
    0.0,
    0.05,
    0.1,
    0.15,
    0.2,
    0.3
  ],
  "transfer_eps": 0.2,
  "clean": {
    "mlp": 0.90925,
    "cnn": 0.9766833333333333,
    "lstm": 0.945,
    "ltc": 0.9369666666666666
  },
  "whitebox": {
    "fgsm": {
      "mlp": {
        "0.0": 0.885,
        "0.05": 0.8186666666666667,
        "0.1": 0.7446666666666667,
        "0.15": 0.6456666666666667,
        "0.2": 0.5283333333333333,
        "0.3": 0.25
      },
      "cnn": {
        "0.0": 0.968,
        "0.05": 0.9553333333333334,
        "0.1": 0.9343333333333333,
        "0.15": 0.9053333333333333,
        "0.2": 0.8736666666666667,
        "0.3": 0.7853333333333333
      },
      "lstm": {
        "0.0": 0.9376666666666666,
        "0.05": 0.9046666666666666,
        "0.1": 0.8653333333333333,
        "0.15": 0.819,
        "0.2": 0.7553333333333333,
        "0.3": 0.5786666666666667
      },
      "ltc": {
        "0.0": 0.9283333333333333,
        "0.05": 0.9006666666666666,
        "0.1": 0.8606666666666667,
        "0.15": 0.8106666666666666,
        "0.2": 0.7616666666666667,
        "0.3": 0.6593333333333333
      }
    },
    "pgd": {
      "mlp": {
        "0.0": 0.885,
        "0.05": 0.8156666666666667,
        "0.1": 0.7333333333333333,
        "0.15": 0.6053333333333333,
        "0.2": 0.43966666666666665,
        "0.3": 0.056
      },
      "cnn": {
        "0.0": 0.968,
        "0.05": 0.9543333333333334,
        "0.1": 0.9313333333333333,
        "0.15": 0.8903333333333333,
        "0.2": 0.825,
        "0.3": 0.01633333333333333
      },
      "lstm": {
        "0.0": 0.9376666666666666,
        "0.05": 0.9033333333333333,
        "0.1": 0.8583333333333333,
        "0.15": 0.79,
        "0.2": 0.662,
        "0.3": 0.08533333333333333
      },
      "ltc": {
        "0.0": 0.9283333333333333,
        "0.05": 0.9,
        "0.1": 0.8506666666666667,
        "0.15": 0.7806666666666666,
        "0.2": 0.6883333333333334,
        "0.3": 0.148
      }
    }
  },
  "transfer": {
    "fgsm": {
      "mlp": {
        "mlp": 0.53,
        "cnn": 0.921,
        "lstm": 0.8415,
        "ltc": 0.8515
      },
      "cnn": {
        "mlp": 0.8075,
        "cnn": 0.879,
        "lstm": 0.874,
        "ltc": 0.8675
      },
      "lstm": {
        "mlp": 0.712,
        "cnn": 0.923,
        "lstm": 0.764,
        "ltc": 0.8115
      },
      "ltc": {
        "mlp": 0.756,
        "cnn": 0.936,
        "lstm": 0.8365,
        "ltc": 0.767
      }
    },
    "pgd": {
      "mlp": {
        "mlp": 0.4405,
        "cnn": 0.922,
        "lstm": 0.833,
        "ltc": 0.849
      },
      "cnn": {
        "mlp": 0.77,
        "cnn": 0.8255,
        "lstm": 0.856,
        "ltc": 0.8485
      },
      "lstm": {
        "mlp": 0.6915,
        "cnn": 0.924,
        "lstm": 0.6625,
        "ltc": 0.779
      },
      "ltc": {
        "mlp": 0.743,
        "cnn": 0.9295,
        "lstm": 0.803,
        "ltc": 0.6925
      }
    }
  },
  "efficiency": {
    "mlp": {
      "params": 269322.0,
      "train_seconds": 11.903462500020396,
      "infer_ms_per_sample": 0.020820800784804305
    },
    "cnn": {
      "params": 224714.0,
      "train_seconds": 10.344072916952427,
      "infer_ms_per_sample": 0.024292692194194387
    },
    "lstm": {
      "params": 172426.0,
      "train_seconds": 12.836160417005885,
      "infer_ms_per_sample": 0.022867219922773074
    },
    "ltc": {
      "params": 129802.0,
      "train_seconds": 60.72701879194938,
      "infer_ms_per_sample": 0.03398310547026995
    }
  }
}