{
  "dataset": "qmnist",
  "defense": "standard",
  "seed": 42,
  "epsilons": [
    0.0,
    0.05,
    0.1,
    0.15,
    0.2,
    0.3
  ],
  "transfer_eps": 0.2,
  "clean": {
    "mlp": 0.97525,
    "cnn": 0.9821833333333333,
    "lstm": 0.9768,
    "ltc": 0.96395
  },
  "whitebox": {
    "fgsm": {
      "mlp": {
        "0.0": 0.9703333333333334,
        "0.05": 0.3993333333333333,
        "0.1": 0.055,
        "0.15": 0.014666666666666666,
        "0.2": 0.007666666666666666,
        "0.3": 0.003
      },
      "cnn": {
        "0.0": 0.981,
        "0.05": 0.9033333333333333,
        "0.1": 0.7256666666666667,
        "0.15": 0.4196666666666667,
        "0.2": 0.18766666666666668,
        "0.3": 0.029333333333333333
      },
      "lstm": {
        "0.0": 0.973,
        "0.05": 0.6336666666666667,
        "0.1": 0.3473333333333333,
        "0.15": 0.218,
        "0.2": 0.15366666666666667,
        "0.3": 0.09766666666666667
      },
      "ltc": {
        "0.0": 0.95,
        "0.05": 0.5556666666666666,
        "0.1": 0.225,
        "0.15": 0.077,
        "0.2": 0.036,
        "0.3": 0.015333333333333332
      }
    },
    "pgd": {
      "mlp": {
        "0.0": 0.9703333333333334,
        "0.05": 0.322,
        "0.1": 0.015,
        "0.15": 0.0,
        "0.2": 0.0,
        "0.3": 0.0
      },
      "cnn": {
        "0.0": 0.981,
        "0.05": 0.882,
        "0.1": 0.5716666666666667,
        "0.15": 0.11833333333333333,
        "0.2": 0.012333333333333333,
        "0.3": 0.0
      },
      "lstm": {
        "0.0": 0.973,
        "0.05": 0.453,
        "0.1": 0.06566666666666666,
        "0.15": 0.01,
        "0.2": 0.0023333333333333335,
        "0.3": 0.0003333333333333333
      },
      "ltc": {
        "0.0": 0.95,
        "0.05": 0.3233333333333333,
        "0.1": 0.035333333333333335,
        "0.15": 0.0026666666666666666,
        "0.2": 0.0013333333333333333,
        "0.3": 0.0013333333333333333
      }
    }
  },
  "transfer": {
    "fgsm": {
      "mlp": {
        "mlp": 0.009,
        "cnn": 0.7425,
        "lstm": 0.208,
        "ltc": 0.2615
      },
      "cnn": {
        "mlp": 0.276,
        "cnn": 0.1975,
        "lstm": 0.173,
        "ltc": 0.211
      },
      "lstm": {
        "mlp": 0.2045,
        "cnn": 0.8055,
        "lstm": 0.1605,
        "ltc": 0.252
      },
      "ltc": {
        "mlp": 0.406,
        "cnn": 0.8265,
        "lstm": 0.2155,
        "ltc": 0.0395
      }
    },
    "pgd": {
      "mlp": {
        "mlp": 0.0,
        "cnn": 0.7895,
        "lstm": 0.212,
        "ltc": 0.2545
      },
      "cnn": {
        "mlp": 0.281,
        "cnn": 0.0145,
        "lstm": 0.224,
        "ltc": 0.2125
      },
      "lstm": {
        "mlp": 0.3965,
        "cnn": 0.9135,
        "lstm": 0.003,
        "ltc": 0.211
      },
      "ltc": {
        "mlp": 0.5025,
        "cnn": 0.934,
        "lstm": 0.2445,
        "ltc": 0.001
      }
    }
  },
  "efficiency": {
    "mlp": {
      "params": 269322.0,
      "train_seconds": 12.697351624956354,
      "infer_ms_per_sample": 0.020632902158013167
    },
    "cnn": {
      "params": 224714.0,
      "train_seconds": 7.459860708040651,
      "infer_ms_per_sample": 0.027039111330395826
    },
    "lstm": {
      "params": 172426.0,
      "train_seconds": 13.56476224999642,
      "infer_ms_per_sample": 0.022676302148738614
    },
    "ltc": {
      "params": 129802.0,
      "train_seconds": 49.01688029099023,
      "infer_ms_per_sample": 0.03409632968214282
    }
  }
}