{
  "dataset": "qmnist",
  "defense": "adv_pgd",
  "seed": 41,
  "epsilons": [
    0.0,
    0.05,
    0.1,
    0.15,
    0.2,
    0.3
  ],
  "transfer_eps": 0.2,
  "clean": {
    "mlp": 0.91115,
    "cnn": 0.9773333333333334,
    "lstm": 0.9444666666666667,
    "ltc": 0.9354666666666667
  },
  "whitebox": {
    "fgsm": {
      "mlp": {
        "0.0": 0.8836666666666667,
        "0.05": 0.8213333333333334,
        "0.1": 0.7293333333333333,
        "0.15": 0.6323333333333333,
        "0.2": 0.5253333333333333,
        "0.3": 0.2713333333333333
      },
      "cnn": {
        "0.0": 0.97,
        "0.05": 0.954,
        "0.1": 0.9356666666666666,
        "0.15": 0.9063333333333333,
        "0.2": 0.8756666666666667,
        "0.3": 0.8703333333333333
      },
      "lstm": {
        "0.0": 0.9336666666666666,
        "0.05": 0.9073333333333333,
        "0.1": 0.8686666666666667,
        "0.15": 0.8146666666666667,
        "0.2": 0.7476666666666667,
        "0.3": 0.5966666666666667
      },
      "ltc": {
        "0.0": 0.9243333333333333,
        "0.05": 0.898,
        "0.1": 0.8616666666666667,
        "0.15": 0.8246666666666667,
        "0.2": 0.7813333333333333,
        "0.3": 0.6796666666666666
      }
    },
    "pgd": {
      "mlp": {
        "0.0": 0.8836666666666667,
        "0.05": 0.8193333333333334,
        "0.1": 0.7136666666666667,
        "0.15": 0.597,
        "0.2": 0.441,
        "0.3": 0.063
      },
      "cnn": {
        "0.0": 0.97,
        "0.05": 0.9533333333333334,
        "0.1": 0.9296666666666666,
        "0.15": 0.8883333333333333,
        "0.2": 0.8336666666666667,
        "0.3": 0.017
      },
      "lstm": {
        "0.0": 0.9336666666666666,
        "0.05": 0.9066666666666666,
        "0.1": 0.858,
        "0.15": 0.779,
        "0.2": 0.6653333333333333,
        "0.3": 0.08966666666666667
      },
      "ltc": {
        "0.0": 0.9243333333333333,
        "0.05": 0.8973333333333333,
        "0.1": 0.8536666666666667,
        "0.15": 0.797,
        "0.2": 0.7,
        "0.3": 0.14366666666666666
      }
    }
  },
  "transfer": {
    "fgsm": {
      "mlp": {
        "mlp": 0.53,
        "cnn": 0.925,
        "lstm": 0.833,
        "ltc": 0.856
      },
      "cnn": {
        "mlp": 0.817,
        "cnn": 0.882,
        "lstm": 0.881,
        "ltc": 0.871
      },
      "lstm": {
        "mlp": 0.7075,
        "cnn": 0.928,
        "lstm": 0.752,
        "ltc": 0.808
      },
      "ltc": {
        "mlp": 0.7535,
        "cnn": 0.94,
        "lstm": 0.8265,
        "ltc": 0.7885
      }
    },
    "pgd": {
      "mlp": {
        "mlp": 0.45,
        "cnn": 0.924,
        "lstm": 0.8305,
        "ltc": 0.8565
      },
      "cnn": {
        "mlp": 0.781,
        "cnn": 0.838,
        "lstm": 0.862,
        "ltc": 0.854
      },
      "lstm": {
        "mlp": 0.6805,
        "cnn": 0.925,
        "lstm": 0.667,
        "ltc": 0.791
      },
      "ltc": {
        "mlp": 0.7305,
        "cnn": 0.9325,
        "lstm": 0.79,
        "ltc": 0.711
      }
    }
  },
  "efficiency": {
    "mlp": {
      "params": 269322.0,
      "train_seconds": 11.752213958010543,
      "infer_ms_per_sample": 0.02076252441156612
    },
    "cnn": {
      "params": 224714.0,
      "train_seconds": 10.301027165958658,
      "infer_ms_per_sample": 0.02494869785323317
    },
    "lstm": {
      "params": 172426.0,
      "train_seconds": 12.960719875001814,
      "infer_ms_per_sample": 0.02432285156146463
    },
    "ltc": {
      "params": 129802.0,
      "train_seconds": 59.318721542018466,
      "infer_ms_per_sample": 0.03408744297530575
    }
  }
}