{
  "dataset": "qmnist",
  "defense": "standard",
  "seed": 41,
  "epsilons": [
    0.0,
    0.05,
    0.1,
    0.15,
    0.2,
    0.3
  ],
  "transfer_eps": 0.2,
  "clean": {
    "mlp": 0.9749833333333333,
    "cnn": 0.9838333333333333,
    "lstm": 0.9740333333333333,
    "ltc": 0.9554666666666667
  },
  "whitebox": {
    "fgsm": {
      "mlp": {
        "0.0": 0.9693333333333334,
        "0.05": 0.45166666666666666,
        "0.1": 0.05466666666666667,
        "0.15": 0.010666666666666666,
        "0.2": 0.004666666666666667,
        "0.3": 0.0006666666666666666
      },
      "cnn": {
        "0.0": 0.9783333333333334,
        "0.05": 0.9313333333333333,
        "0.1": 0.7986666666666666,
        "0.15": 0.5503333333333333,
        "0.2": 0.284,
        "0.3": 0.05566666666666667
      },
      "lstm": {
        "0.0": 0.9676666666666667,
        "0.05": 0.6436666666666667,
        "0.1": 0.319,
        "0.15": 0.167,
        "0.2": 0.1,
        "0.3": 0.057
      },
      "ltc": {
        "0.0": 0.938,
        "0.05": 0.401,
        "0.1": 0.136,
        "0.15": 0.044,
        "0.2": 0.02033333333333333,
        "0.3": 0.009333333333333334
      }
    },
    "pgd": {
      "mlp": {
        "0.0": 0.9693333333333334,
        "0.05": 0.35433333333333333,
        "0.1": 0.025,
        "0.15": 0.0006666666666666666,
        "0.2": 0.0,
        "0.3": 0.0
      },
      "cnn": {
        "0.0": 0.9783333333333334,
        "0.05": 0.923,
        "0.1": 0.687,
        "0.15": 0.22733333333333333,
        "0.2": 0.023333333333333334,
        "0.3": 0.0
      },
      "lstm": {
        "0.0": 0.9676666666666667,
        "0.05": 0.4523333333333333,
        "0.1": 0.06133333333333333,
        "0.15": 0.011666666666666667,
        "0.2": 0.0016666666666666668,
        "0.3": 0.0003333333333333333
      },
      "ltc": {
        "0.0": 0.938,
        "0.05": 0.24366666666666667,
        "0.1": 0.032,
        "0.15": 0.0016666666666666668,
        "0.2": 0.001,
        "0.3": 0.001
      }
    }
  },
  "transfer": {
    "fgsm": {
      "mlp": {
        "mlp": 0.0045,
        "cnn": 0.788,
        "lstm": 0.182,
        "ltc": 0.133
      },
      "cnn": {
        "mlp": 0.3065,
        "cnn": 0.285,
        "lstm": 0.2235,
        "ltc": 0.2155
      },
      "lstm": {
        "mlp": 0.2345,
        "cnn": 0.819,
        "lstm": 0.101,
        "ltc": 0.1755
      },
      "ltc": {
        "mlp": 0.36,
        "cnn": 0.8305,
        "lstm": 0.2385,
        "ltc": 0.0185
      }
    },
    "pgd": {
      "mlp": {
        "mlp": 0.0,
        "cnn": 0.8305,
        "lstm": 0.1715,
        "ltc": 0.141
      },
      "cnn": {
        "mlp": 0.3275,
        "cnn": 0.0235,
        "lstm": 0.276,
        "ltc": 0.22
      },
      "lstm": {
        "mlp": 0.359,
        "cnn": 0.931,
        "lstm": 0.0035,
        "ltc": 0.203
      },
      "ltc": {
        "mlp": 0.4555,
        "cnn": 0.9465,
        "lstm": 0.3525,
        "ltc": 0.002
      }
    }
  },
  "efficiency": {
    "mlp": {
      "params": 269322.0,
      "train_seconds": 9.507988917001057,
      "infer_ms_per_sample": 0.02082701817016641
    },
    "cnn": {
      "params": 224714.0,
      "train_seconds": 7.066197916050442,
      "infer_ms_per_sample": 0.0269068929696914
    },
    "lstm": {
      "params": 172426.0,
      "train_seconds": 10.875467083998956,
      "infer_ms_per_sample": 0.022704736329615116
    },
    "ltc": {
      "params": 129802.0,
      "train_seconds": 48.98049991601147,
      "infer_ms_per_sample": 0.034183398440745805
    }
  }
}