{
  "dataset": "qmnist",
  "defense": "standard",
  "seed": 43,
  "epsilons": [
    0.0,
    0.05,
    0.1,
    0.15,
    0.2,
    0.3
  ],
  "transfer_eps": 0.2,
  "clean": {
    "mlp": 0.9735333333333334,
    "cnn": 0.9844666666666667,
    "lstm": 0.9780166666666666,
    "ltc": 0.96985
  },
  "whitebox": {
    "fgsm": {
      "mlp": {
        "0.0": 0.967,
        "0.05": 0.432,
        "0.1": 0.056666666666666664,
        "0.15": 0.008666666666666666,
        "0.2": 0.0016666666666666668,
        "0.3": 0.0003333333333333333
      },
      "cnn": {
        "0.0": 0.9803333333333333,
        "0.05": 0.9226666666666666,
        "0.1": 0.7756666666666666,
        "0.15": 0.5373333333333333,
        "0.2": 0.2773333333333333,
        "0.3": 0.04466666666666667
      },
      "lstm": {
        "0.0": 0.971,
        "0.05": 0.6533333333333333,
        "0.1": 0.33066666666666666,
        "0.15": 0.17466666666666666,
        "0.2": 0.10266666666666667,
        "0.3": 0.049666666666666665
      },
      "ltc": {
        "0.0": 0.9646666666666667,
        "0.05": 0.6396666666666667,
        "0.1": 0.2906666666666667,
        "0.15": 0.12566666666666668,
        "0.2": 0.069,
        "0.3": 0.027333333333333334
      }
    },
    "pgd": {
      "mlp": {
        "0.0": 0.967,
        "0.05": 0.34933333333333333,
        "0.1": 0.025333333333333333,
        "0.15": 0.001,
        "0.2": 0.0,
        "0.3": 0.0
      },
      "cnn": {
        "0.0": 0.9803333333333333,
        "0.05": 0.9066666666666666,
        "0.1": 0.65,
        "0.15": 0.226,
        "0.2": 0.017,
        "0.3": 0.0
      },
      "lstm": {
        "0.0": 0.971,
        "0.05": 0.4033333333333333,
        "0.1": 0.04566666666666667,
        "0.15": 0.007666666666666666,
        "0.2": 0.0013333333333333333,
        "0.3": 0.0
      },
      "ltc": {
        "0.0": 0.9646666666666667,
        "0.05": 0.41833333333333333,
        "0.1": 0.025333333333333333,
        "0.15": 0.0013333333333333333,
        "0.2": 0.0006666666666666666,
        "0.3": 0.0013333333333333333
      }
    }
  },
  "transfer": {
    "fgsm": {
      "mlp": {
        "mlp": 0.001,
        "cnn": 0.7865,
        "lstm": 0.1285,
        "ltc": 0.249
      },
      "cnn": {
        "mlp": 0.331,
        "cnn": 0.2825,
        "lstm": 0.185,
        "ltc": 0.3215
      },
      "lstm": {
        "mlp": 0.221,
        "cnn": 0.8105,
        "lstm": 0.1005,
        "ltc": 0.3335
      },
      "ltc": {
        "mlp": 0.384,
        "cnn": 0.8645,
        "lstm": 0.2515,
        "ltc": 0.072
      }
    },
    "pgd": {
      "mlp": {
        "mlp": 0.0,
        "cnn": 0.814,
        "lstm": 0.1365,
        "ltc": 0.2555
      },
      "cnn": {
        "mlp": 0.303,
        "cnn": 0.0125,
        "lstm": 0.2045,
        "ltc": 0.3035
      },
      "lstm": {
        "mlp": 0.364,
        "cnn": 0.928,
        "lstm": 0.001,
        "ltc": 0.3
      },
      "ltc": {
        "mlp": 0.494,
        "cnn": 0.94,
        "lstm": 0.251,
        "ltc": 0.001
      }
    }
  },
  "efficiency": {
    "mlp": {
      "params": 269322.0,
      "train_seconds": 9.555299500003457,
      "infer_ms_per_sample": 0.020889119332423434
    },
    "cnn": {
      "params": 224714.0,
      "train_seconds": 7.4870050409808755,
      "infer_ms_per_sample": 0.02657552089431192
    },
    "lstm": {
      "params": 172426.0,
      "train_seconds": 15.928079749981407,
      "infer_ms_per_sample": 0.02294593906526643
    },
    "ltc": {
      "params": 129802.0,
      "train_seconds": 49.09286225005053,
      "infer_ms_per_sample": 0.03428065585922013
    }
  }
}