{
  "dataset": "qmnist",
  "defense": "adv_pgd",
  "seed": 43,
  "epsilons": [
    0.0,
    0.05,
    0.1,
    0.15,
    0.2,
    0.3
  ],
  "transfer_eps": 0.2,
  "clean": {
    "mlp": 0.9077333333333333,
    "cnn": 0.98045,
    "lstm": 0.9248333333333333,
    "ltc": 0.92585
  },
  "whitebox": {
    "fgsm": {
      "mlp": {
        "0.0": 0.8823333333333333,
        "0.05": 0.8186666666666667,
        "0.1": 0.736,
        "0.15": 0.6473333333333333,
        "0.2": 0.5366666666666666,
        "0.3": 0.266
      },
      "cnn": {
        "0.0": 0.975,
        "0.05": 0.9606666666666667,
        "0.1": 0.9436666666666667,
        "0.15": 0.9196666666666666,
        "0.2": 0.893,
        "0.3": 0.7676666666666667
      },
      "lstm": {
        "0.0": 0.9076666666666666,
        "0.05": 0.87,
        "0.1": 0.818,
        "0.15": 0.7593333333333333,
        "0.2": 0.6863333333333334,
        "0.3": 0.5236666666666666
      },
      "ltc": {
        "0.0": 0.9083333333333333,
        "0.05": 0.878,
        "0.1": 0.8413333333333334,
        "0.15": 0.7993333333333333,
        "0.2": 0.7503333333333333,
        "0.3": 0.6553333333333333
      }
    },
    "pgd": {
      "mlp": {
        "0.0": 0.8823333333333333,
        "0.05": 0.8166666666666667,
        "0.1": 0.7236666666666667,
        "0.15": 0.6136666666666667,
        "0.2": 0.4563333333333333,
        "0.3": 0.051
      },
      "cnn": {
        "0.0": 0.975,
        "0.05": 0.9606666666666667,
        "0.1": 0.939,
        "0.15": 0.9096666666666666,
        "0.2": 0.858,
        "0.3": 0.07066666666666667
      },
      "lstm": {
        "0.0": 0.9076666666666666,
        "0.05": 0.8696666666666667,
        "0.1": 0.8103333333333333,
        "0.15": 0.7326666666666667,
        "0.2": 0.5966666666666667,
        "0.3": 0.08866666666666667
      },
      "ltc": {
        "0.0": 0.9083333333333333,
        "0.05": 0.8766666666666667,
        "0.1": 0.833,
        "0.15": 0.766,
        "0.2": 0.6623333333333333,
        "0.3": 0.15033333333333335
      }
    }
  },
  "transfer": {
    "fgsm": {
      "mlp": {
        "mlp": 0.5375,
        "cnn": 0.941,
        "lstm": 0.805,
        "ltc": 0.8425
      },
      "cnn": {
        "mlp": 0.8095,
        "cnn": 0.8945,
        "lstm": 0.859,
        "ltc": 0.8575
      },
      "lstm": {
        "mlp": 0.7185,
        "cnn": 0.9465,
        "lstm": 0.6915,
        "ltc": 0.792
      },
      "ltc": {
        "mlp": 0.7625,
        "cnn": 0.9485,
        "lstm": 0.8,
        "ltc": 0.7525
      }
    },
    "pgd": {
      "mlp": {
        "mlp": 0.457,
        "cnn": 0.9415,
        "lstm": 0.795,
        "ltc": 0.836
      },
      "cnn": {
        "mlp": 0.7735,
        "cnn": 0.863,
        "lstm": 0.845,
        "ltc": 0.845
      },
      "lstm": {
        "mlp": 0.6945,
        "cnn": 0.946,
        "lstm": 0.6025,
        "ltc": 0.7765
      },
      "ltc": {
        "mlp": 0.755,
        "cnn": 0.9485,
        "lstm": 0.762,
        "ltc": 0.6645
      }
    }
  },
  "efficiency": {
    "mlp": {
      "params": 269322.0,
      "train_seconds": 11.92369637498632,
      "infer_ms_per_sample": 0.020985725780064968
    },
    "cnn": {
      "params": 224714.0,
      "train_seconds": 10.631049458985217,
      "infer_ms_per_sample": 0.02711612949042319
    },
    "lstm": {
      "params": 172426.0,
      "train_seconds": 12.99792150000576,
      "infer_ms_per_sample": 0.022875244144415774
    },
    "ltc": {
      "params": 129802.0,
      "train_seconds": 58.50430345797213,
      "infer_ms_per_sample": 0.033309480852494744
    }
  }
}