{
  "dataset": "qmnist",
  "defense": "standard",
  "seed": 45,
  "epsilons": [
    0.0,
    0.05,
    0.1,
    0.15,
    0.2,
    0.3
  ],
  "transfer_eps": 0.2,
  "clean": {
    "mlp": 0.9740333333333333,
    "cnn": 0.9843166666666666,
    "lstm": 0.9742333333333333,
    "ltc": 0.97145
  },
  "whitebox": {
    "fgsm": {
      "mlp": {
        "0.0": 0.9656666666666667,
        "0.05": 0.4176666666666667,
        "0.1": 0.07366666666666667,
        "0.15": 0.019666666666666666,
        "0.2": 0.012666666666666666,
        "0.3": 0.0036666666666666666
      },
      "cnn": {
        "0.0": 0.9796666666666667,
        "0.05": 0.923,
        "0.1": 0.7616666666666667,
        "0.15": 0.505,
        "0.2": 0.25633333333333336,
        "0.3": 0.05733333333333333
      },
      "lstm": {
        "0.0": 0.9653333333333334,
        "0.05": 0.6283333333333333,
        "0.1": 0.31466666666666665,
        "0.15": 0.17,
        "0.2": 0.102,
        "0.3": 0.058
      },
      "ltc": {
        "0.0": 0.9616666666666667,
        "0.05": 0.6263333333333333,
        "0.1": 0.29,
        "0.15": 0.146,
        "0.2": 0.08133333333333333,
        "0.3": 0.03833333333333333
      }
    },
    "pgd": {
      "mlp": {
        "0.0": 0.9656666666666667,
        "0.05": 0.3526666666666667,
        "0.1": 0.023333333333333334,
        "0.15": 0.002,
        "0.2": 0.0,
        "0.3": 0.0
      },
      "cnn": {
        "0.0": 0.9796666666666667,
        "0.05": 0.895,
        "0.1": 0.5733333333333334,
        "0.15": 0.13266666666666665,
        "0.2": 0.010666666666666666,
        "0.3": 0.0
      },
      "lstm": {
        "0.0": 0.9653333333333334,
        "0.05": 0.4816666666666667,
        "0.1": 0.05733333333333333,
        "0.15": 0.007666666666666666,
        "0.2": 0.0013333333333333333,
        "0.3": 0.0006666666666666666
      },
      "ltc": {
        "0.0": 0.9616666666666667,
        "0.05": 0.41633333333333333,
        "0.1": 0.019333333333333334,
        "0.15": 0.0016666666666666668,
        "0.2": 0.0006666666666666666,
        "0.3": 0.0003333333333333333
      }
    }
  },
  "transfer": {
    "fgsm": {
      "mlp": {
        "mlp": 0.013,
        "cnn": 0.781,
        "lstm": 0.1645,
        "ltc": 0.235
      },
      "cnn": {
        "mlp": 0.383,
        "cnn": 0.265,
        "lstm": 0.233,
        "ltc": 0.3215
      },
      "lstm": {
        "mlp": 0.2105,
        "cnn": 0.8035,
        "lstm": 0.102,
        "ltc": 0.2145
      },
      "ltc": {
        "mlp": 0.4655,
        "cnn": 0.866,
        "lstm": 0.272,
        "ltc": 0.083
      }
    },
    "pgd": {
      "mlp": {
        "mlp": 0.0,
        "cnn": 0.8215,
        "lstm": 0.17,
        "ltc": 0.2315
      },
      "cnn": {
        "mlp": 0.394,
        "cnn": 0.012,
        "lstm": 0.2305,
        "ltc": 0.3025
      },
      "lstm": {
        "mlp": 0.3465,
        "cnn": 0.906,
        "lstm": 0.001,
        "ltc": 0.267
      },
      "ltc": {
        "mlp": 0.5105,
        "cnn": 0.9305,
        "lstm": 0.284,
        "ltc": 0.0005
      }
    }
  },
  "efficiency": {
    "mlp": {
      "params": 269322.0,
      "train_seconds": 12.687020583020058,
      "infer_ms_per_sample": 0.020687736127911194
    },
    "cnn": {
      "params": 224714.0,
      "train_seconds": 6.818388084007893,
      "infer_ms_per_sample": 0.024942887307588535
    },
    "lstm": {
      "params": 172426.0,
      "train_seconds": 10.481672624999192,
      "infer_ms_per_sample": 0.02252388514989434
    },
    "ltc": {
      "params": 129802.0,
      "train_seconds": 49.087240542052314,
      "infer_ms_per_sample": 0.03389941406339858
    }
  }
}