{
  "dataset": "qmnist",
  "defense": "standard",
  "seed": 44,
  "epsilons": [
    0.0,
    0.05,
    0.1,
    0.15,
    0.2,
    0.3
  ],
  "transfer_eps": 0.2,
  "clean": {
    "mlp": 0.9707833333333333,
    "cnn": 0.98375,
    "lstm": 0.9804833333333334,
    "ltc": 0.9737833333333333
  },
  "whitebox": {
    "fgsm": {
      "mlp": {
        "0.0": 0.9623333333333334,
        "0.05": 0.44866666666666666,
        "0.1": 0.05433333333333333,
        "0.15": 0.004666666666666667,
        "0.2": 0.0,
        "0.3": 0.0
      },
      "cnn": {
        "0.0": 0.981,
        "0.05": 0.9096666666666666,
        "0.1": 0.7173333333333334,
        "0.15": 0.4116666666666667,
        "0.2": 0.17,
        "0.3": 0.016
      },
      "lstm": {
        "0.0": 0.9746666666666667,
        "0.05": 0.7193333333333334,
        "0.1": 0.37333333333333335,
        "0.15": 0.19266666666666668,
        "0.2": 0.11,
        "0.3": 0.05566666666666667
      },
      "ltc": {
        "0.0": 0.9703333333333334,
        "0.05": 0.648,
        "0.1": 0.35,
        "0.15": 0.178,
        "0.2": 0.09066666666666667,
        "0.3": 0.038
      }
    },
    "pgd": {
      "mlp": {
        "0.0": 0.9623333333333334,
        "0.05": 0.35933333333333334,
        "0.1": 0.022333333333333334,
        "0.15": 0.0003333333333333333,
        "0.2": 0.0,
        "0.3": 0.0
      },
      "cnn": {
        "0.0": 0.981,
        "0.05": 0.8843333333333333,
        "0.1": 0.5113333333333333,
        "0.15": 0.089,
        "0.2": 0.003,
        "0.3": 0.0
      },
      "lstm": {
        "0.0": 0.9746666666666667,
        "0.05": 0.524,
        "0.1": 0.06866666666666667,
        "0.15": 0.007333333333333333,
        "0.2": 0.0016666666666666668,
        "0.3": 0.0003333333333333333
      },
      "ltc": {
        "0.0": 0.9703333333333334,
        "0.05": 0.42533333333333334,
        "0.1": 0.04033333333333333,
        "0.15": 0.003,
        "0.2": 0.001,
        "0.3": 0.0006666666666666666
      }
    }
  },
  "transfer": {
    "fgsm": {
      "mlp": {
        "mlp": 0.0,
        "cnn": 0.791,
        "lstm": 0.1825,
        "ltc": 0.279
      },
      "cnn": {
        "mlp": 0.2885,
        "cnn": 0.1755,
        "lstm": 0.2515,
        "ltc": 0.3635
      },
      "lstm": {
        "mlp": 0.2185,
        "cnn": 0.8455,
        "lstm": 0.109,
        "ltc": 0.379
      },
      "ltc": {
        "mlp": 0.347,
        "cnn": 0.8385,
        "lstm": 0.305,
        "ltc": 0.0855
      }
    },
    "pgd": {
      "mlp": {
        "mlp": 0.0,
        "cnn": 0.822,
        "lstm": 0.2075,
        "ltc": 0.3485
      },
      "cnn": {
        "mlp": 0.328,
        "cnn": 0.0045,
        "lstm": 0.294,
        "ltc": 0.4065
      },
      "lstm": {
        "mlp": 0.2885,
        "cnn": 0.9265,
        "lstm": 0.001,
        "ltc": 0.363
      },
      "ltc": {
        "mlp": 0.437,
        "cnn": 0.918,
        "lstm": 0.2825,
        "ltc": 0.0005
      }
    }
  },
  "efficiency": {
    "mlp": {
      "params": 269322.0,
      "train_seconds": 6.353661875007674,
      "infer_ms_per_sample": 0.020616145695839805
    },
    "cnn": {
      "params": 224714.0,
      "train_seconds": 6.932117375021335,
      "infer_ms_per_sample": 0.026064794928970514
    },
    "lstm": {
      "params": 172426.0,
      "train_seconds": 17.94387229095446,
      "infer_ms_per_sample": 0.022996980862899363
    },
    "ltc": {
      "params": 129802.0,
      "train_seconds": 49.01643912500003,
      "infer_ms_per_sample": 0.03435217284959435
    }
  }
}