{
  "dataset": "qmnist",
  "defense": "adv_pgd",
  "seed": 44,
  "epsilons": [
    0.0,
    0.05,
    0.1,
    0.15,
    0.2,
    0.3
  ],
  "transfer_eps": 0.2,
  "clean": {
    "mlp": 0.90885,
    "cnn": 0.97755,
    "lstm": 0.9420166666666666,
    "ltc": 0.9401333333333334
  },
  "whitebox": {
    "fgsm": {
      "mlp": {
        "0.0": 0.8856666666666667,
        "0.05": 0.8216666666666667,
        "0.1": 0.732,
        "0.15": 0.6376666666666667,
        "0.2": 0.5223333333333333,
        "0.3": 0.238
      },
      "cnn": {
        "0.0": 0.9676666666666667,
        "0.05": 0.951,
        "0.1": 0.93,
        "0.15": 0.9016666666666666,
        "0.2": 0.868,
        "0.3": 0.8016666666666666
      },
      "lstm": {
        "0.0": 0.9296666666666666,
        "0.05": 0.9043333333333333,
        "0.1": 0.871,
        "0.15": 0.816,
        "0.2": 0.753,
        "0.3": 0.5646666666666667
      },
      "ltc": {
        "0.0": 0.9333333333333333,
        "0.05": 0.907,
        "0.1": 0.8776666666666667,
        "0.15": 0.842,
        "0.2": 0.7976666666666666,
        "0.3": 0.694
      }
    },
    "pgd": {
      "mlp": {
        "0.0": 0.8856666666666667,
        "0.05": 0.8193333333333334,
        "0.1": 0.7246666666666667,
        "0.15": 0.6046666666666667,
        "0.2": 0.43833333333333335,
        "0.3": 0.04733333333333333
      },
      "cnn": {
        "0.0": 0.9676666666666667,
        "0.05": 0.9496666666666667,
        "0.1": 0.9253333333333333,
        "0.15": 0.8846666666666667,
        "0.2": 0.7953333333333333,
        "0.3": 0.017666666666666667
      },
      "lstm": {
        "0.0": 0.9296666666666666,
        "0.05": 0.9036666666666666,
        "0.1": 0.862,
        "0.15": 0.7806666666666666,
        "0.2": 0.6633333333333333,
        "0.3": 0.074
      },
      "ltc": {
        "0.0": 0.9333333333333333,
        "0.05": 0.907,
        "0.1": 0.8683333333333333,
        "0.15": 0.8156666666666667,
        "0.2": 0.732,
        "0.3": 0.21833333333333332
      }
    }
  },
  "transfer": {
    "fgsm": {
      "mlp": {
        "mlp": 0.5225,
        "cnn": 0.919,
        "lstm": 0.833,
        "ltc": 0.871
      },
      "cnn": {
        "mlp": 0.8,
        "cnn": 0.8715,
        "lstm": 0.868,
        "ltc": 0.8735
      },
      "lstm": {
        "mlp": 0.718,
        "cnn": 0.9255,
        "lstm": 0.759,
        "ltc": 0.8275
      },
      "ltc": {
        "mlp": 0.7695,
        "cnn": 0.9335,
        "lstm": 0.836,
        "ltc": 0.799
      }
    },
    "pgd": {
      "mlp": {
        "mlp": 0.442,
        "cnn": 0.918,
        "lstm": 0.8275,
        "ltc": 0.8645
      },
      "cnn": {
        "mlp": 0.7505,
        "cnn": 0.7975,
        "lstm": 0.846,
        "ltc": 0.8565
      },
      "lstm": {
        "mlp": 0.6915,
        "cnn": 0.914,
        "lstm": 0.6665,
        "ltc": 0.8135
      },
      "ltc": {
        "mlp": 0.7555,
        "cnn": 0.93,
        "lstm": 0.7995,
        "ltc": 0.734
      }
    }
  },
  "efficiency": {
    "mlp": {
      "params": 269322.0,
      "train_seconds": 11.920320499979425,
      "infer_ms_per_sample": 0.020698331638868694
    },
    "cnn": {
      "params": 224714.0,
      "train_seconds": 10.486648457997944,
      "infer_ms_per_sample": 0.02633489589243254
    },
    "lstm": {
      "params": 172426.0,
      "train_seconds": 12.833543208951596,
      "infer_ms_per_sample": 0.024211116601691174
    },
    "ltc": {
      "params": 129802.0,
      "train_seconds": 72.95692599995527,
      "infer_ms_per_sample": 0.03452460117614464
    }
  }
}