{
  "seeds": [
    41,
    42,
    43,
    44,
    45
  ],
  "epsilons": [
    0.0,
    0.05,
    0.1,
    0.15,
    0.2,
    0.3
  ],
  "clean": {
    "lstm": {
      "mean": 0.9754799999999999,
      "std": 0.0015530614926653667
    },
    "ltc": {
      "mean": 0.97768,
      "std": 0.002324220299369213
    }
  },
  "whitebox": {
    "fgsm": {
      "lstm": {
        "mean": [
          0.9754799999999999,
          0.71512,
          0.40024,
          0.22594000000000003,
          0.14179999999999998,
          0.06962
        ],
        "std": [
          0.0015530614926653667,
          0.02171801095864908,
          0.024468101683620642,
          0.016367131697398903,
          0.010522357150372724,
          0.00307847364776767
        ]
      },
      "ltc": {
        "mean": [
          0.97768,
          0.74702,
          0.40956000000000004,
          0.2031,
          0.11240000000000001,
          0.04818
        ],
        "std": [
          0.002324220299369213,
          0.060458597403512414,
          0.05139312210792414,
          0.016653528154718444,
          0.01247818095717481,
          0.009983336115748082
        ]
      }
    },
    "pgd": {
      "lstm": {
        "mean": [
          0.9754799999999999,
          0.49266,
          0.07336000000000001,
          0.011640000000000001,
          0.0014399999999999999,
          0.0002
        ],
        "std": [
          0.0015530614926653667,
          0.02750878041644156,
          0.012135814764571843,
          0.004950050504792856,
          0.0008988882021697693,
          0.00018708286933869707
        ]
      },
      "ltc": {
        "mean": [
          0.97768,
          0.5185,
          0.055099999999999996,
          0.00496,
          0.00156,
          0.00074
        ],
        "std": [
          0.002324220299369213,
          0.07741550232350106,
          0.021671986526389315,
          0.005601160594019779,
          0.0012739701723352868,
          0.0007733045971672481
        ]
      }
    }
  },
  "transfer": {
    "fgsm": {
      "lstm_to_ltc": {
        "mean": [
          0.97768,
          0.9222000000000001,
          0.7616599999999999,
          0.54126,
          0.35374000000000005,
          0.16663999999999998
        ],
        "std": [
          0.002324220299369213,
          0.03326747661004662,
          0.07126572107261665,
          0.04122320948203815,
          0.017922555621339282,
          0.017029474448731527
        ]
      },
      "ltc_to_lstm": {
        "mean": [
          0.9754799999999999,
          0.9075200000000001,
          0.6567399999999999,
          0.43306000000000006,
          0.2929,
          0.17012
        ],
        "std": [
          0.0015530614926653667,
          0.015987870402276855,
          0.04727190497536567,
          0.05213715565697845,
          0.04839684907098809,
          0.03431219899685825
        ]
      }
    },
    "pgd": {
      "lstm_to_ltc": {
        "mean": [
          0.97768,
          0.91196,
          0.7306199999999999,
          0.50786,
          0.33778,
          0.15728
        ],
        "std": [
          0.002324220299369213,
          0.038181513851601,
          0.07998379210815153,
          0.07637678312157432,
          0.07484017637606154,
          0.06305693459089175
        ]
      },
      "ltc_to_lstm": {
        "mean": [
          0.9754799999999999,
          0.88744,
          0.62442,
          0.42096,
          0.29314,
          0.17970000000000003
        ],
        "std": [
          0.0015530614926653667,
          0.02818551046193773,
          0.06845682581014109,
          0.07249539985405971,
          0.0627296421159885,
          0.038473432391716744
        ]
      }
    }
  },
  "targeted_pgd": {
    "whitebox": {
      "lstm": {
        "mean": [
          0.00264,
          0.11232,
          0.42264,
          0.5852,
          0.69708,
          0.8107599999999999
        ],
        "std": [
          0.0009316651759081692,
          0.028721281308465327,
          0.039757615622670335,
          0.04098072717754041,
          0.043265367212124754,
          0.04873159139613645
        ]
      },
      "ltc": {
        "mean": [
          0.0016799999999999999,
          0.09427999999999999,
          0.46528,
          0.71612,
          0.8309199999999999,
          0.9158
        ],
        "std": [
          0.00022803508501982757,
          0.027499309082229684,
          0.0581385586336641,
          0.06615369982094725,
          0.06136197519637057,
          0.03736923868638483
        ]
      }
    },
    "transfer": {
      "lstm_to_ltc": {
        "mean": [
          0.0016799999999999999,
          0.006999999999999999,
          0.030319999999999996,
          0.07783999999999999,
          0.14072,
          0.22496
        ],
        "std": [
          0.00022803508501982757,
          0.004044749683231337,
          0.01645089663209881,
          0.04554830402989775,
          0.05871023760810375,
          0.08615920148190791
        ]
      },
      "ltc_to_lstm": {
        "mean": [
          0.00264,
          0.010159999999999999,
          0.03916,
          0.07655999999999999,
          0.10651999999999999,
          0.13779999999999998
        ],
        "std": [
          0.0009316651759081692,
          0.005496180491941654,
          0.017621804674890704,
          0.03352742161276348,
          0.03696717462831045,
          0.02706399822642619
        ]
      }
    }
  },
  "whitebox_auc": {
    "fgsm": {
      "lstm": {
        "mean": 0.3518933333333333,
        "std": 0.010901099587758221
      },
      "ltc": {
        "mean": 0.3442166666666667,
        "std": 0.02117091984827825
      }
    },
    "pgd": {
      "lstm": {
        "mean": 0.17796000000000003,
        "std": 0.0070452441602670965
      },
      "ltc": {
        "mean": 0.17841333333333337,
        "std": 0.012742401875453288
      }
    }
  },
  "corruption": {
    "gaussian_noise": {
      "lstm": {
        "mean": [
          0.9754799999999999,
          0.96742,
          0.875,
          0.69428,
          0.5355599999999999,
          0.4142799999999999
        ],
        "std": [
          0.0015530614926653667,
          0.004480736546595889,
          0.04846529686280688,
          0.10239205047268074,
          0.11573032446165528,
          0.10887654476516051
        ]
      },
      "ltc": {
        "mean": [
          0.97768,
          0.9704,
          0.94472,
          0.88012,
          0.78226,
          0.6674200000000001
        ],
        "std": [
          0.002324220299369213,
          0.008806815542521608,
          0.02680815174531808,
          0.050098822341448274,
          0.060243406278197804,
          0.05904825992355744
        ]
      }
    },
    "gaussian_blur": {
      "lstm": {
        "mean": [
          0.9754799999999999,
          0.9744399999999999,
          0.9673800000000001,
          0.94406,
          0.87958,
          0.6453599999999999
        ],
        "std": [
          0.0015530614926653667,
          0.00204034310840111,
          0.004909378779438369,
          0.022053865874263397,
          0.05234803721248774,
          0.06756869097444466
        ]
      },
      "ltc": {
        "mean": [
          0.97768,
          0.97482,
          0.9569600000000001,
          0.91336,
          0.7980999999999999,
          0.54992
        ],
        "std": [
          0.002324220299369213,
          0.005237556682270831,
          0.0176531300340761,
          0.05230509535408573,
          0.08223372179343459,
          0.04667983504683795
        ]
      }
    },
    "center_occlusion": {
      "lstm": {
        "mean": [
          0.9754799999999999,
          0.83786,
          0.52758,
          0.24244000000000004,
          0.18266,
          0.12476000000000001
        ],