{
  "dataset": "fashion_mnist",
  "seed": 41,
  "clean": {
    "mlp": 0.8802,
    "cnn": 0.9111,
    "lstm": 0.8696,
    "ltc": 0.8713
  },
  "whitebox": {
    "fgsm": {
      "mlp": {
        "0.0": 0.885,
        "0.05": 0.36433333333333334,
        "0.1": 0.07033333333333333,
        "0.15": 0.011666666666666667,
        "0.2": 0.004,
        "0.3": 0.0
      },
      "cnn": {
        "0.0": 0.909,
        "0.05": 0.303,
        "0.1": 0.06566666666666666,
        "0.15": 0.013,
        "0.2": 0.005,
        "0.3": 0.011
      },
      "lstm": {
        "0.0": 0.8733333333333333,
        "0.05": 0.402,
        "0.1": 0.19,
        "0.15": 0.10066666666666667,
        "0.2": 0.05733333333333333,
        "0.3": 0.03233333333333333
      },
      "ltc": {
        "0.0": 0.8733333333333333,
        "0.05": 0.449,
        "0.1": 0.24833333333333332,
        "0.15": 0.155,
        "0.2": 0.10033333333333333,
        "0.3": 0.051
      }
    },
    "pgd": {
      "mlp": {
        "0.0": 0.885,
        "0.05": 0.2836666666666667,
        "0.1": 0.027666666666666666,
        "0.15": 0.0003333333333333333,
        "0.2": 0.0,
        "0.3": 0.0
      },
      "cnn": {
        "0.0": 0.909,
        "0.05": 0.14566666666666667,
        "0.1": 0.0003333333333333333,
        "0.15": 0.0,
        "0.2": 0.0,
        "0.3": 0.0
      },
      "lstm": {
        "0.0": 0.8733333333333333,
        "0.05": 0.23666666666666666,
        "0.1": 0.024666666666666667,
        "0.15": 0.0023333333333333335,
        "0.2": 0.0006666666666666666,
        "0.3": 0.0003333333333333333
      },
      "ltc": {
        "0.0": 0.8733333333333333,
        "0.05": 0.277,
        "0.1": 0.06266666666666666,
        "0.15": 0.019,
        "0.2": 0.005,
        "0.3": 0.001
      }
    }
  },
  "transfer_eps": 0.2,
  "transfer": {
    "fgsm": {
      "mlp": {
        "mlp": 0.004,
        "cnn": 0.07366666666666667,
        "lstm": 0.10366666666666667,
        "ltc": 0.07366666666666667
      },
      "cnn": {
        "mlp": 0.259,
        "cnn": 0.005,
        "lstm": 0.26066666666666666,
        "ltc": 0.18133333333333335
      },
      "lstm": {
        "mlp": 0.16366666666666665,
        "cnn": 0.16933333333333334,
        "lstm": 0.05733333333333333,
        "ltc": 0.09466666666666666
      },
      "ltc": {
        "mlp": 0.2916666666666667,
        "cnn": 0.305,
        "lstm": 0.20066666666666666,
        "ltc": 0.10033333333333333
      }
    },
    "pgd": {
      "mlp": {
        "mlp": 0.0,
        "cnn": 0.05333333333333334,
        "lstm": 0.151,
        "ltc": 0.10833333333333334
      },
      "cnn": {
        "mlp": 0.24566666666666667,
        "cnn": 0.0,
        "lstm": 0.26466666666666666,
        "ltc": 0.143
      },
      "lstm": {
        "mlp": 0.195,
        "cnn": 0.187,
        "lstm": 0.0,
        "ltc": 0.047
      },
      "ltc": {
        "mlp": 0.30266666666666664,
        "cnn": 0.2976666666666667,
        "lstm": 0.15533333333333332,
        "ltc": 0.004666666666666667
      }
    }
  },
  "targeted_eps": [
    0.1,
    0.2,
    0.3
  ],
  "targeted": {
    "whitebox": {
      "mlp": {
        "0.1": 0.645,
        "0.2": 0.946,
        "0.3": 0.9945
      },
      "cnn": {
        "0.1": 0.8355,
        "0.2": 0.98,
        "0.3": 0.9965
      },
      "lstm": {
        "0.1": 0.3665,
        "0.2": 0.61,
        "0.3": 0.757
      },
      "ltc": {
        "0.1": 0.2895,
        "0.2": 0.6425,
        "0.3": 0.779
      }
    },
    "transfer_to_ltc": {
      "lstm_to_ltc": {
        "0.1": 0.172,
        "0.2": 0.2875,
        "0.3": 0.3865
      },
      "ltc_to_lstm": {
        "0.1": 0.087,
        "0.2": 0.158,
        "0.3": 0.2315
      }
    }
  },
  "corruptions": {
    "gaussian_noise": {
      "0": {
        "mlp": 0.885,
        "cnn": 0.909,
        "lstm": 0.8733333333333333,
        "ltc": 0.8733333333333333
      },
      "1": {
        "mlp": 0.8773333333333333,
        "cnn": 0.8813333333333333,
        "lstm": 0.861,
        "ltc": 0.8736666666666667
      },
      "2": {
        "mlp": 0.8576666666666667,
        "cnn": 0.807,
        "lstm": 0.8056666666666666,
        "ltc": 0.811
      },
      "3": {
        "mlp": 0.7933333333333333,
        "cnn": 0.6693333333333333,
        "lstm": 0.6623333333333333,
        "ltc": 0.6633333333333333
      },
      "4": {
        "mlp": 0.7023333333333334,
        "cnn": 0.5236666666666666,
        "lstm": 0.527,
        "ltc": 0.47833333333333333
      },
      "5": {
        "mlp": 0.5896666666666667,
        "cnn": 0.423,
        "lstm": 0.3893333333333333,
        "ltc": 0.30266666666666664
      }
    },
    "gaussian_blur": {
      "0": {
        "mlp": 0.885,
        "cnn": 0.909,
        "lstm": 0.8733333333333333,
        "ltc": 0.8733333333333333
      },
      "1": {
        "mlp": 0.8776666666666667,
        "cnn": 0.903,
        "lstm": 0.873,
        "ltc": 0.8716666666666667
      },
      "2": {
        "mlp": 0.854,
        "cnn": 0.8813333333333333,
        "lstm": 0.8636666666666667,
        "ltc": 0.8483333333333334
      },
      "3": {
        "mlp": 0.8383333333333334,
        "cnn": 0.8633333333333333,
        "lstm": 0.852,
        "ltc": 0.8306666666666667
      },
      "4": {
        "mlp": 0.8123333333333334,
        "cnn": 0.7946666666666666,
        "lstm": 0.8123333333333334,
        "ltc": 0.7786666666666666
      },
      "5": {
        "mlp": 0.765,
        "cnn": 0.6176666666666667,
        "lstm": 0.71,
        "ltc": 0.6713333333333333
      }
    },
    "center_occlusion": {
      "0": {
        "mlp": 0.885,
        "cnn": 0.909,
        "lstm": 0.8733333333333333,
        "ltc": 0.8733333333333333
      },
      "1": {
        "mlp": 0.8716666666666667,
        "cnn": 0.788,
        "lstm": 0.855,
        "ltc": 0.8353333333333334
      },
      "2": {
        "mlp": 0.7126666666666667,
        "cnn": 0.6916666666666667,
        "lstm": 0.6866666666666666,
        "ltc": 0.7033333333333334
      },
      "3": {
        "mlp": 0.672,
        "cnn": 0.7093333333333334,
        "lstm": 0.6286666666666667,
        "ltc": 0.6323333333333333
      },
      "4": {
        "mlp": 0.638,
        "cnn": 0.6966666666666667,
        "lstm": 0.5066666666666667,
        "ltc": 0.5843333333333334
      },
      "5": {
        "mlp": 0.6296666666666667,
        "cnn": 0.634,
        "lstm": 0.354,
        "ltc": 0.4226666666666667
      }
    }
  },
  "gradient_alignment": {
    "mlp|cnn": {
      "cos_mean": 0.24411687074064325,
      "cos_std": 0.09813572747751759,
      "sign_mean": 0.5714771508064587,
      "sign_std": 0.03093290856443046
    },
    "mlp|lstm": {
      "cos_mean": 0.23913750897668667,
      "cos_std": 0.13933980549741817,
      "sign_mean": 0.5971231274306774,
      "sign_std": 0.0513651904153017
    },
    "mlp|ltc": {
      "cos_mean": 0.19721625990019792,
      "cos_std": 0.12924159458016005,
      "sign_mean": 0.5547809217241593,
      "sign_std": 0.04898158313020519
    },
    "cnn|lstm": {
      "cos_mean": 0.15496822345548367,
      "cos_std": 0.11111755688994743,
      "sign_mean": 0.5500824608607218,
      "sign_std": 0.04009031688719938
    },
    "cnn|ltc": {
      "cos_mean": 0.1206264034452289,
      "cos_std": 0.10266824403767875,
      "sign_mean": 0.525881399778882,
      "sign_std": 0.03126822600367527
    },
    "lstm|ltc": {
      "cos_mean": 0.1891567888760619,
      "cos_std": 0.19191253264744274,
      "sign_mean": 0.571237993077375,
      "sign_std": 0.06414250956167782
    }
  },
  "efficiency": {
    "mlp": {
      "params": 269322.0,
      "train_seconds": 17.063833708991297,
      "infer_ms_per_sample": 0.02169238281339858
    },
    "cnn": {
      "params": 1701130.0,
      "train_seconds": 13.251059083035216,
      "infer_ms_per_sample": 0.03129054356350025
    },
    "lstm": {
      "params": 82186.0,
      "train_seconds": 23.750497124972753,
      "infer_ms_per_sample": 0.022614689260080922
    },