{
  "dataset": "fashion_mnist",
  "seed": 42,
  "clean": {
    "mlp": 0.883,
    "cnn": 0.9174,
    "lstm": 0.8667,
    "ltc": 0.8658
  },
  "whitebox": {
    "fgsm": {
      "mlp": {
        "0.0": 0.8843333333333333,
        "0.05": 0.32666666666666666,
        "0.1": 0.059666666666666666,
        "0.15": 0.012333333333333333,
        "0.2": 0.001,
        "0.3": 0.0003333333333333333
      },
      "cnn": {
        "0.0": 0.9136666666666666,
        "0.05": 0.30966666666666665,
        "0.1": 0.074,
        "0.15": 0.010666666666666666,
        "0.2": 0.0023333333333333335,
        "0.3": 0.0033333333333333335
      },
      "lstm": {
        "0.0": 0.8716666666666667,
        "0.05": 0.39166666666666666,
        "0.1": 0.19733333333333333,
        "0.15": 0.13166666666666665,
        "0.2": 0.089,
        "0.3": 0.058
      },
      "ltc": {
        "0.0": 0.8663333333333333,
        "0.05": 0.42,
        "0.1": 0.22033333333333333,
        "0.15": 0.13733333333333334,
        "0.2": 0.10166666666666667,
        "0.3": 0.068
      }
    },
    "pgd": {
      "mlp": {
        "0.0": 0.8843333333333333,
        "0.05": 0.252,
        "0.1": 0.017666666666666667,
        "0.15": 0.0003333333333333333,
        "0.2": 0.0,
        "0.3": 0.0
      },
      "cnn": {
        "0.0": 0.9136666666666666,
        "0.05": 0.143,
        "0.1": 0.0,
        "0.15": 0.0,
        "0.2": 0.0,
        "0.3": 0.0
      },
      "lstm": {
        "0.0": 0.8716666666666667,
        "0.05": 0.21966666666666668,
        "0.1": 0.043,
        "0.15": 0.013333333333333334,
        "0.2": 0.004,
        "0.3": 0.0006666666666666666
      },
      "ltc": {
        "0.0": 0.8663333333333333,
        "0.05": 0.23466666666666666,
        "0.1": 0.034,
        "0.15": 0.004666666666666667,
        "0.2": 0.0013333333333333333,
        "0.3": 0.0
      }
    }
  },
  "transfer_eps": 0.2,
  "transfer": {
    "fgsm": {
      "mlp": {
        "mlp": 0.001,
        "cnn": 0.08866666666666667,
        "lstm": 0.13633333333333333,
        "ltc": 0.09666666666666666
      },
      "cnn": {
        "mlp": 0.23366666666666666,
        "cnn": 0.0023333333333333335,
        "lstm": 0.19166666666666668,
        "ltc": 0.12433333333333334
      },
      "lstm": {
        "mlp": 0.18233333333333332,
        "cnn": 0.211,
        "lstm": 0.089,
        "ltc": 0.10433333333333333
      },
      "ltc": {
        "mlp": 0.265,
        "cnn": 0.25533333333333336,
        "lstm": 0.17633333333333334,
        "ltc": 0.10166666666666667
      }
    },
    "pgd": {
      "mlp": {
        "mlp": 0.0,
        "cnn": 0.06433333333333334,
        "lstm": 0.15933333333333333,
        "ltc": 0.128
      },
      "cnn": {
        "mlp": 0.23233333333333334,
        "cnn": 0.0,
        "lstm": 0.20133333333333334,
        "ltc": 0.14733333333333334
      },
      "lstm": {
        "mlp": 0.179,
        "cnn": 0.23966666666666667,
        "lstm": 0.0033333333333333335,
        "ltc": 0.03933333333333333
      },
      "ltc": {
        "mlp": 0.32466666666666666,
        "cnn": 0.3443333333333333,
        "lstm": 0.11933333333333333,
        "ltc": 0.002
      }
    }
  },
  "targeted_eps": [
    0.1,
    0.2,
    0.3
  ],
  "targeted": {
    "whitebox": {
      "mlp": {
        "0.1": 0.6925,
        "0.2": 0.9375,
        "0.3": 0.984
      },
      "cnn": {
        "0.1": 0.869,
        "0.2": 0.997,
        "0.3": 1.0
      },
      "lstm": {
        "0.1": 0.345,
        "0.2": 0.5775,
        "0.3": 0.716
      },
      "ltc": {
        "0.1": 0.2965,
        "0.2": 0.4845,
        "0.3": 0.5575
      }
    },
    "transfer_to_ltc": {
      "lstm_to_ltc": {
        "0.1": 0.1365,
        "0.2": 0.285,
        "0.3": 0.33
      },
      "ltc_to_lstm": {
        "0.1": 0.13,
        "0.2": 0.2305,
        "0.3": 0.282
      }
    }
  },
  "corruptions": {
    "gaussian_noise": {
      "0": {
        "mlp": 0.8843333333333333,
        "cnn": 0.9136666666666666,
        "lstm": 0.8716666666666667,
        "ltc": 0.8663333333333333
      },
      "1": {
        "mlp": 0.8793333333333333,
        "cnn": 0.8906666666666667,
        "lstm": 0.8333333333333334,
        "ltc": 0.8536666666666667
      },
      "2": {
        "mlp": 0.8526666666666667,
        "cnn": 0.8163333333333334,
        "lstm": 0.669,
        "ltc": 0.7536666666666667
      },
      "3": {
        "mlp": 0.798,
        "cnn": 0.705,
        "lstm": 0.507,
        "ltc": 0.5466666666666666
      },
      "4": {
        "mlp": 0.7256666666666667,
        "cnn": 0.5666666666666667,
        "lstm": 0.377,
        "ltc": 0.3383333333333333
      },
      "5": {
        "mlp": 0.6116666666666667,
        "cnn": 0.46266666666666667,
        "lstm": 0.27166666666666667,
        "ltc": 0.18666666666666668
      }
    },
    "gaussian_blur": {
      "0": {
        "mlp": 0.8843333333333333,
        "cnn": 0.9136666666666666,
        "lstm": 0.8716666666666667,
        "ltc": 0.8663333333333333
      },
      "1": {
        "mlp": 0.88,
        "cnn": 0.9103333333333333,
        "lstm": 0.867,
        "ltc": 0.86
      },
      "2": {
        "mlp": 0.8523333333333334,
        "cnn": 0.8886666666666667,
        "lstm": 0.861,
        "ltc": 0.8433333333333334
      },
      "3": {
        "mlp": 0.8353333333333334,
        "cnn": 0.868,
        "lstm": 0.847,
        "ltc": 0.821
      },
      "4": {
        "mlp": 0.81,
        "cnn": 0.7923333333333333,
        "lstm": 0.804,
        "ltc": 0.7706666666666667
      },
      "5": {
        "mlp": 0.756,
        "cnn": 0.6033333333333334,
        "lstm": 0.6993333333333334,
        "ltc": 0.6556666666666666
      }
    },
    "center_occlusion": {
      "0": {
        "mlp": 0.8843333333333333,
        "cnn": 0.9136666666666666,
        "lstm": 0.8716666666666667,
        "ltc": 0.8663333333333333
      },
      "1": {
        "mlp": 0.8486666666666667,
        "cnn": 0.772,
        "lstm": 0.8466666666666667,
        "ltc": 0.8526666666666667
      },
      "2": {
        "mlp": 0.7226666666666667,
        "cnn": 0.6303333333333333,
        "lstm": 0.6636666666666666,
        "ltc": 0.6903333333333334
      },
      "3": {
        "mlp": 0.6686666666666666,
        "cnn": 0.6226666666666667,
        "lstm": 0.6363333333333333,
        "ltc": 0.6776666666666666
      },
      "4": {
        "mlp": 0.6,
        "cnn": 0.639,
        "lstm": 0.5703333333333334,
        "ltc": 0.628
      },
      "5": {
        "mlp": 0.548,
        "cnn": 0.6306666666666667,
        "lstm": 0.41633333333333333,
        "ltc": 0.543
      }
    }
  },
  "gradient_alignment": {
    "mlp|cnn": {
      "cos_mean": 0.23835300073109691,
      "cos_std": 0.1131092278808059,
      "sign_mean": 0.5701244119845796,
      "sign_std": 0.03281720205423773
    },
    "mlp|lstm": {
      "cos_mean": 0.2057714943003478,
      "cos_std": 0.1542768088975594,
      "sign_mean": 0.5911279796855524,
      "sign_std": 0.05444027036119104
    },
    "mlp|ltc": {
      "cos_mean": 0.20973859562914265,
      "cos_std": 0.11373486918338654,
      "sign_mean": 0.5664847244916018,
      "sign_std": 0.04188787624589502
    },
    "cnn|lstm": {
      "cos_mean": 0.151665472979289,
      "cos_std": 0.09741683293893158,
      "sign_mean": 0.54784907240537,
      "sign_std": 0.040600101550886836
    },
    "cnn|ltc": {
      "cos_mean": 0.1387690464494682,
      "cos_std": 0.08297416463398107,
      "sign_mean": 0.5354875839548185,
      "sign_std": 0.03358896584272022
    },
    "lstm|ltc": {
      "cos_mean": 0.2522550013354703,
      "cos_std": 0.19859231078547812,
      "sign_mean": 0.6017617990728468,
      "sign_std": 0.07203793553478162
    }
  },
  "efficiency": {
    "mlp": {
      "params": 269322.0,
      "train_seconds": 16.575552832975518,
      "infer_ms_per_sample": 0.020138924219281762
    },
    "cnn": {
      "params": 1701130.0,
      "train_seconds": 14.962638958008029,
      "infer_ms_per_sample": 0.027276969331069267
    },