{
  "dataset": "mnist",
  "seed": 41,
  "clean": {
    "mlp": 0.9748,
    "cnn": 0.9908,
    "lstm": 0.9756,
    "ltc": 0.9811
  },
  "whitebox": {
    "fgsm": {
      "mlp": {
        "0.0": 0.966,
        "0.05": 0.38566666666666666,
        "0.1": 0.051,
        "0.15": 0.007,
        "0.2": 0.003,
        "0.3": 0.0006666666666666666
      },
      "cnn": {
        "0.0": 0.9843333333333333,
        "0.05": 0.942,
        "0.1": 0.8496666666666667,
        "0.15": 0.6646666666666666,
        "0.2": 0.4096666666666667,
        "0.3": 0.08966666666666667
      },
      "lstm": {
        "0.0": 0.965,
        "0.05": 0.6316666666666667,
        "0.1": 0.2816666666666667,
        "0.15": 0.135,
        "0.2": 0.08533333333333333,
        "0.3": 0.04466666666666667
      },
      "ltc": {
        "0.0": 0.974,
        "0.05": 0.7093333333333334,
        "0.1": 0.36133333333333334,
        "0.15": 0.19933333333333333,
        "0.2": 0.113,
        "0.3": 0.035
      }
    },
    "pgd": {
      "mlp": {
        "0.0": 0.966,
        "0.05": 0.31266666666666665,
        "0.1": 0.023,
        "0.15": 0.0006666666666666666,
        "0.2": 0.0,
        "0.3": 0.0
      },
      "cnn": {
        "0.0": 0.9843333333333333,
        "0.05": 0.937,
        "0.1": 0.768,
        "0.15": 0.27,
        "0.2": 0.008333333333333333,
        "0.3": 0.0
      },
      "lstm": {
        "0.0": 0.965,
        "0.05": 0.444,
        "0.1": 0.05266666666666667,
        "0.15": 0.010666666666666666,
        "0.2": 0.0023333333333333335,
        "0.3": 0.0013333333333333333
      },
      "ltc": {
        "0.0": 0.974,
        "0.05": 0.47633333333333333,
        "0.1": 0.07166666666666667,
        "0.15": 0.004666666666666667,
        "0.2": 0.0023333333333333335,
        "0.3": 0.0006666666666666666
      }
    }
  },
  "transfer_eps": 0.2,
  "transfer": {
    "fgsm": {
      "mlp": {
        "mlp": 0.003,
        "cnn": 0.879,
        "lstm": 0.174,
        "ltc": 0.24133333333333334
      },
      "cnn": {
        "mlp": 0.401,
        "cnn": 0.4096666666666667,
        "lstm": 0.316,
        "ltc": 0.4663333333333333
      },
      "lstm": {
        "mlp": 0.192,
        "cnn": 0.8866666666666667,
        "lstm": 0.08533333333333333,
        "ltc": 0.235
      },
      "ltc": {
        "mlp": 0.36133333333333334,
        "cnn": 0.9013333333333333,
        "lstm": 0.2826666666666667,
        "ltc": 0.113
      }
    },
    "pgd": {
      "mlp": {
        "mlp": 0.0,
        "cnn": 0.9023333333333333,
        "lstm": 0.16233333333333333,
        "ltc": 0.31033333333333335
      },
      "cnn": {
        "mlp": 0.4573333333333333,
        "cnn": 0.008,
        "lstm": 0.37233333333333335,
        "ltc": 0.5386666666666666
      },
      "lstm": {
        "mlp": 0.2683333333333333,
        "cnn": 0.954,
        "lstm": 0.002,
        "ltc": 0.275
      },
      "ltc": {
        "mlp": 0.377,
        "cnn": 0.949,
        "lstm": 0.284,
        "ltc": 0.002
      }
    }
  },
  "targeted_eps": [
    0.1,
    0.2,
    0.3
  ],
  "targeted": {
    "whitebox": {
      "mlp": {
        "0.1": 0.6525,
        "0.2": 0.9555,
        "0.3": 0.997
      },
      "cnn": {
        "0.1": 0.048,
        "0.2": 0.628,
        "0.3": 0.9905
      },
      "lstm": {
        "0.1": 0.4345,
        "0.2": 0.599,
        "0.3": 0.699
      },
      "ltc": {
        "0.1": 0.4055,
        "0.2": 0.765,
        "0.3": 0.8745
      }
    },
    "transfer_to_ltc": {
      "lstm_to_ltc": {
        "0.1": 0.03,
        "0.2": 0.1255,
        "0.3": 0.2335
      },
      "ltc_to_lstm": {
        "0.1": 0.0355,
        "0.2": 0.0815,
        "0.3": 0.138
      }
    }
  },
  "corruptions": {
    "gaussian_noise": {
      "0": {
        "mlp": 0.966,
        "cnn": 0.9843333333333333,
        "lstm": 0.965,
        "ltc": 0.974
      },
      "1": {
        "mlp": 0.957,
        "cnn": 0.985,
        "lstm": 0.9546666666666667,
        "ltc": 0.963
      },
      "2": {
        "mlp": 0.9313333333333333,
        "cnn": 0.9823333333333333,
        "lstm": 0.852,
        "ltc": 0.9296666666666666
      },
      "3": {
        "mlp": 0.8456666666666667,
        "cnn": 0.9826666666666667,
        "lstm": 0.6713333333333333,
        "ltc": 0.8713333333333333
      },
      "4": {
        "mlp": 0.707,
        "cnn": 0.98,
        "lstm": 0.527,
        "ltc": 0.7706666666666667
      },
      "5": {
        "mlp": 0.5936666666666667,
        "cnn": 0.969,
        "lstm": 0.4073333333333333,
        "ltc": 0.6533333333333333
      }
    },
    "gaussian_blur": {
      "0": {
        "mlp": 0.966,
        "cnn": 0.9843333333333333,
        "lstm": 0.965,
        "ltc": 0.974
      },
      "1": {
        "mlp": 0.9656666666666667,
        "cnn": 0.9846666666666667,
        "lstm": 0.965,
        "ltc": 0.9723333333333334
      },
      "2": {
        "mlp": 0.9623333333333334,
        "cnn": 0.982,
        "lstm": 0.9556666666666667,
        "ltc": 0.9643333333333334
      },
      "3": {
        "mlp": 0.9543333333333334,
        "cnn": 0.978,
        "lstm": 0.9246666666666666,
        "ltc": 0.9373333333333334
      },
      "4": {
        "mlp": 0.94,
        "cnn": 0.9676666666666667,
        "lstm": 0.8043333333333333,
        "ltc": 0.8403333333333334
      },
      "5": {
        "mlp": 0.845,
        "cnn": 0.9216666666666666,
        "lstm": 0.6273333333333333,
        "ltc": 0.6133333333333333
      }
    },
    "center_occlusion": {
      "0": {
        "mlp": 0.966,
        "cnn": 0.9843333333333333,
        "lstm": 0.965,
        "ltc": 0.974
      },
      "1": {
        "mlp": 0.8826666666666667,
        "cnn": 0.966,
        "lstm": 0.845,
        "ltc": 0.7896666666666666
      },
      "2": {
        "mlp": 0.636,
        "cnn": 0.791,
        "lstm": 0.5566666666666666,
        "ltc": 0.49966666666666665
      },
      "3": {
        "mlp": 0.26,
        "cnn": 0.43533333333333335,
        "lstm": 0.236,
        "ltc": 0.2653333333333333
      },
      "4": {
        "mlp": 0.22566666666666665,
        "cnn": 0.26466666666666666,
        "lstm": 0.1,
        "ltc": 0.17933333333333334
      },
      "5": {
        "mlp": 0.15133333333333332,
        "cnn": 0.13666666666666666,
        "lstm": 0.14866666666666667,
        "ltc": 0.207
      }
    }
  },
  "gradient_alignment": {
    "mlp|cnn": {
      "cos_mean": 0.12127971610798474,
      "cos_std": 0.06471711425913187,
      "sign_mean": 0.5279839982977137,
      "sign_std": 0.02637856991207761
    },
    "mlp|lstm": {
      "cos_mean": 0.23718416842375412,
      "cos_std": 0.1593650815284724,
      "sign_mean": 0.5743134174263105,
      "sign_std": 0.057741219134580295
    },
    "mlp|ltc": {
      "cos_mean": 0.11562401960944158,
      "cos_std": 0.1346516262503493,
      "sign_mean": 0.5345272160484456,
      "sign_std": 0.05043680079332828
    },
    "cnn|lstm": {
      "cos_mean": 0.10861255238255652,
      "cos_std": 0.0873927107190619,
      "sign_mean": 0.5157483186922036,
      "sign_std": 0.026089557218939293
    },
    "cnn|ltc": {
      "cos_mean": 0.07967194711186809,
      "cos_std": 0.09240315434818125,
      "sign_mean": 0.5160098993219435,
      "sign_std": 0.028695745915629522
    },
    "lstm|ltc": {
      "cos_mean": 0.12960429047166144,
      "cos_std": 0.16639944326685518,
      "sign_mean": 0.5475912296096794,
      "sign_std": 0.07349247252623056
    }
  },
  "efficiency": {
    "mlp": {
      "params": 269322.0,
      "train_seconds": 12.662278832984157,
      "infer_ms_per_sample": 0.030508105464832624
    },
    "cnn": {
      "params": 1701130.0,
      "train_seconds": 26.96457095799269,
      "infer_ms_per_sample": 0.05065163575181941
    },
    "lstm": {
      "params": 82186.0,
      "train_seconds": 23.487336083024275,
      "infer_ms_per_sample": 0.03236118983522829
    },
    "ltc": {
      "params": 222218.0,
      "train_seconds": 75.16822395799682,