{
  "dataset": "mnist",
  "seed": 42,
  "clean": {
    "mlp": 0.9774,
    "cnn": 0.9914,
    "lstm": 0.9785,
    "ltc": 0.9774
  },
  "whitebox": {
    "fgsm": {
      "mlp": {
        "0.0": 0.9663333333333334,
        "0.05": 0.4266666666666667,
        "0.1": 0.06133333333333333,
        "0.15": 0.011,
        "0.2": 0.0026666666666666666,
        "0.3": 0.001
      },
      "cnn": {
        "0.0": 0.9856666666666667,
        "0.05": 0.955,
        "0.1": 0.8693333333333333,
        "0.15": 0.6863333333333334,
        "0.2": 0.432,
        "0.3": 0.11266666666666666
      },
      "lstm": {
        "0.0": 0.97,
        "0.05": 0.726,
        "0.1": 0.37233333333333335,
        "0.15": 0.19666666666666666,
        "0.2": 0.12366666666666666,
        "0.3": 0.07533333333333334
      },
      "ltc": {
        "0.0": 0.968,
        "0.05": 0.6923333333333334,
        "0.1": 0.31633333333333336,
        "0.15": 0.13366666666666666,
        "0.2": 0.07233333333333333,
        "0.3": 0.03166666666666667
      }
    },
    "pgd": {
      "mlp": {
        "0.0": 0.9663333333333334,
        "0.05": 0.363,
        "0.1": 0.025333333333333333,
        "0.15": 0.0,
        "0.2": 0.0,
        "0.3": 0.0
      },
      "cnn": {
        "0.0": 0.9856666666666667,
        "0.05": 0.951,
        "0.1": 0.8086666666666666,
        "0.15": 0.3933333333333333,
        "0.2": 0.037,
        "0.3": 0.0
      },
      "lstm": {
        "0.0": 0.97,
        "0.05": 0.486,
        "0.1": 0.07766666666666666,
        "0.15": 0.014666666666666666,
        "0.2": 0.003,
        "0.3": 0.001
      },
      "ltc": {
        "0.0": 0.968,
        "0.05": 0.5,
        "0.1": 0.049,
        "0.15": 0.0033333333333333335,
        "0.2": 0.0003333333333333333,
        "0.3": 0.0003333333333333333
      }
    }
  },
  "transfer_eps": 0.2,
  "transfer": {
    "fgsm": {
      "mlp": {
        "mlp": 0.0026666666666666666,
        "cnn": 0.897,
        "lstm": 0.18,
        "ltc": 0.2806666666666667
      },
      "cnn": {
        "mlp": 0.49366666666666664,
        "cnn": 0.432,
        "lstm": 0.2786666666666667,
        "ltc": 0.42333333333333334
      },
      "lstm": {
        "mlp": 0.26566666666666666,
        "cnn": 0.909,
        "lstm": 0.12366666666666666,
        "ltc": 0.3933333333333333
      },
      "ltc": {
        "mlp": 0.42766666666666664,
        "cnn": 0.9093333333333333,
        "lstm": 0.25,
        "ltc": 0.07233333333333333
      }
    },
    "pgd": {
      "mlp": {
        "mlp": 0.0,
        "cnn": 0.9216666666666666,
        "lstm": 0.19,
        "ltc": 0.28933333333333333
      },
      "cnn": {
        "mlp": 0.5046666666666667,
        "cnn": 0.036333333333333336,
        "lstm": 0.30533333333333335,
        "ltc": 0.383
      },
      "lstm": {
        "mlp": 0.393,
        "cnn": 0.9693333333333334,
        "lstm": 0.0016666666666666668,
        "ltc": 0.31166666666666665
      },
      "ltc": {
        "mlp": 0.5243333333333333,
        "cnn": 0.9603333333333334,
        "lstm": 0.25966666666666666,
        "ltc": 0.0006666666666666666
      }
    }
  },
  "targeted_eps": [
    0.1,
    0.2,
    0.3
  ],
  "targeted": {
    "whitebox": {
      "mlp": {
        "0.1": 0.6965,
        "0.2": 0.9785,
        "0.3": 0.999
      },
      "cnn": {
        "0.1": 0.0265,
        "0.2": 0.5415,
        "0.3": 0.9905
      },
      "lstm": {
        "0.1": 0.398,
        "0.2": 0.6655,
        "0.3": 0.7515
      },
      "ltc": {
        "0.1": 0.4585,
        "0.2": 0.762,
        "0.3": 0.855
      }
    },
    "transfer_to_ltc": {
      "lstm_to_ltc": {
        "0.1": 0.013,
        "0.2": 0.09,
        "0.3": 0.1805
      },
      "ltc_to_lstm": {
        "0.1": 0.0325,
        "0.2": 0.096,
        "0.3": 0.11
      }
    }
  },
  "corruptions": {
    "gaussian_noise": {
      "0": {
        "mlp": 0.9663333333333334,
        "cnn": 0.9856666666666667,
        "lstm": 0.97,
        "ltc": 0.968
      },
      "1": {
        "mlp": 0.966,
        "cnn": 0.9863333333333333,
        "lstm": 0.9716666666666667,
        "ltc": 0.96
      },
      "2": {
        "mlp": 0.9563333333333334,
        "cnn": 0.984,
        "lstm": 0.9113333333333333,
        "ltc": 0.9433333333333334
      },
      "3": {
        "mlp": 0.9203333333333333,
        "cnn": 0.9856666666666667,
        "lstm": 0.6926666666666667,
        "ltc": 0.901
      },
      "4": {
        "mlp": 0.8536666666666667,
        "cnn": 0.9836666666666667,
        "lstm": 0.4796666666666667,
        "ltc": 0.793
      },
      "5": {
        "mlp": 0.7636666666666667,
        "cnn": 0.977,
        "lstm": 0.3453333333333333,
        "ltc": 0.6583333333333333
      }
    },
    "gaussian_blur": {
      "0": {
        "mlp": 0.9663333333333334,
        "cnn": 0.9856666666666667,
        "lstm": 0.97,
        "ltc": 0.968
      },
      "1": {
        "mlp": 0.9676666666666667,
        "cnn": 0.986,
        "lstm": 0.9703333333333334,
        "ltc": 0.9653333333333334
      },
      "2": {
        "mlp": 0.9676666666666667,
        "cnn": 0.981,
        "lstm": 0.9656666666666667,
        "ltc": 0.9476666666666667
      },
      "3": {
        "mlp": 0.9646666666666667,
        "cnn": 0.9783333333333334,
        "lstm": 0.9283333333333333,
        "ltc": 0.9073333333333333
      },
      "4": {
        "mlp": 0.953,
        "cnn": 0.968,
        "lstm": 0.8393333333333334,
        "ltc": 0.8013333333333333
      },
      "5": {
        "mlp": 0.876,
        "cnn": 0.9206666666666666,
        "lstm": 0.63,
        "ltc": 0.562
      }
    },
    "center_occlusion": {
      "0": {
        "mlp": 0.9663333333333334,
        "cnn": 0.9856666666666667,
        "lstm": 0.97,
        "ltc": 0.968
      },
      "1": {
        "mlp": 0.873,
        "cnn": 0.9523333333333334,
        "lstm": 0.8386666666666667,
        "ltc": 0.7773333333333333
      },
      "2": {
        "mlp": 0.563,
        "cnn": 0.7316666666666667,
        "lstm": 0.571,
        "ltc": 0.5043333333333333
      },
      "3": {
        "mlp": 0.294,
        "cnn": 0.4706666666666667,
        "lstm": 0.29,
        "ltc": 0.2856666666666667
      },
      "4": {
        "mlp": 0.243,
        "cnn": 0.306,
        "lstm": 0.21133333333333335,
        "ltc": 0.21466666666666667
      },
      "5": {
        "mlp": 0.14466666666666667,
        "cnn": 0.241,
        "lstm": 0.18933333333333333,
        "ltc": 0.146
      }
    }
  },
  "gradient_alignment": {
    "mlp|cnn": {
      "cos_mean": 0.12801948794369794,
      "cos_std": 0.0697057307578935,
      "sign_mean": 0.5365538313926663,
      "sign_std": 0.02870452309371583
    },
    "mlp|lstm": {
      "cos_mean": 0.182851843980103,
      "cos_std": 0.17227257515617433,
      "sign_mean": 0.5597197868337389,
      "sign_std": 0.061088968058907005
    },
    "mlp|ltc": {
      "cos_mean": 0.12255110136127878,
      "cos_std": 0.10906113282819303,
      "sign_mean": 0.5336116884718649,
      "sign_std": 0.04157477612431625
    },
    "cnn|lstm": {
      "cos_mean": 0.09364798011222142,
      "cos_std": 0.10351205266841716,
      "sign_mean": 0.5143694214057177,
      "sign_std": 0.03402523216488714
    },
    "cnn|ltc": {
      "cos_mean": 0.09381598821270076,
      "cos_std": 0.10321106816663485,
      "sign_mean": 0.5231285889458377,
      "sign_std": 0.032746038889477254
    },
    "lstm|ltc": {
      "cos_mean": 0.12385325010041015,
      "cos_std": 0.16405233668688687,
      "sign_mean": 0.5447325426503085,
      "sign_std": 0.06600436571569539
    }
  },
  "efficiency": {
    "mlp": {
      "params": 269322.0,
      "train_seconds": 12.326023207977414,
      "infer_ms_per_sample": 0.020515869130122155
    },
    "cnn": {
      "params": 1701130.0,
      "train_seconds": 12.866502583026886,
      "infer_ms_per_sample": 0.0252507244113076
    },
    "lstm": {
      "params": 82186.0,
      "train_seconds": 17.54754929203773,
      "infer_ms_per_sample": 0.02206862792490938
    },