{
  "dataset": "qmnist",
  "seed": 41,
  "clean": {
    "mlp": 0.9749833333333333,
    "cnn": 0.9880666666666666,
    "lstm": 0.9770666666666666,
    "ltc": 0.9767666666666667
  },
  "whitebox": {
    "fgsm": {
      "mlp": {
        "0.0": 0.9693333333333334,
        "0.05": 0.45166666666666666,
        "0.1": 0.05466666666666667,
        "0.15": 0.010666666666666666,
        "0.2": 0.004666666666666667,
        "0.3": 0.0006666666666666666
      },
      "cnn": {
        "0.0": 0.984,
        "0.05": 0.9446666666666667,
        "0.1": 0.848,
        "0.15": 0.6356666666666667,
        "0.2": 0.3606666666666667,
        "0.3": 0.06266666666666666
      },
      "lstm": {
        "0.0": 0.9683333333333334,
        "0.05": 0.7023333333333334,
        "0.1": 0.303,
        "0.15": 0.145,
        "0.2": 0.07966666666666666,
        "0.3": 0.039
      },
      "ltc": {
        "0.0": 0.9696666666666667,
        "0.05": 0.7303333333333333,
        "0.1": 0.37266666666666665,
        "0.15": 0.19366666666666665,
        "0.2": 0.11566666666666667,
        "0.3": 0.056
      }
    },
    "pgd": {
      "mlp": {
        "0.0": 0.9693333333333334,
        "0.05": 0.35433333333333333,
        "0.1": 0.025,
        "0.15": 0.0006666666666666666,
        "0.2": 0.0,
        "0.3": 0.0
      },
      "cnn": {
        "0.0": 0.984,
        "0.05": 0.9403333333333334,
        "0.1": 0.7723333333333333,
        "0.15": 0.2826666666666667,
        "0.2": 0.019333333333333334,
        "0.3": 0.0
      },
      "lstm": {
        "0.0": 0.9683333333333334,
        "0.05": 0.4696666666666667,
        "0.1": 0.04933333333333333,
        "0.15": 0.006333333333333333,
        "0.2": 0.0013333333333333333,
        "0.3": 0.001
      },
      "ltc": {
        "0.0": 0.9696666666666667,
        "0.05": 0.5366666666666666,
        "0.1": 0.06066666666666667,
        "0.15": 0.0026666666666666666,
        "0.2": 0.0,
        "0.3": 0.0
      }
    }
  },
  "transfer_eps": 0.2,
  "transfer": {
    "fgsm": {
      "mlp": {
        "mlp": 0.004666666666666667,
        "cnn": 0.8776666666666667,
        "lstm": 0.17666666666666667,
        "ltc": 0.23033333333333333
      },
      "cnn": {
        "mlp": 0.4493333333333333,
        "cnn": 0.3606666666666667,
        "lstm": 0.31266666666666665,
        "ltc": 0.3233333333333333
      },
      "lstm": {
        "mlp": 0.20333333333333334,
        "cnn": 0.9036666666666666,
        "lstm": 0.07966666666666666,
        "ltc": 0.21233333333333335
      },
      "ltc": {
        "mlp": 0.387,
        "cnn": 0.9006666666666666,
        "lstm": 0.32066666666666666,
        "ltc": 0.11566666666666667
      }
    },
    "pgd": {
      "mlp": {
        "mlp": 0.0,
        "cnn": 0.9036666666666666,
        "lstm": 0.175,
        "ltc": 0.24533333333333332
      },
      "cnn": {
        "mlp": 0.496,
        "cnn": 0.019333333333333334,
        "lstm": 0.38366666666666666,
        "ltc": 0.3933333333333333
      },
      "lstm": {
        "mlp": 0.2946666666666667,
        "cnn": 0.949,
        "lstm": 0.0003333333333333333,
        "ltc": 0.172
      },
      "ltc": {
        "mlp": 0.454,
        "cnn": 0.9503333333333334,
        "lstm": 0.2753333333333333,
        "ltc": 0.0
      }
    }
  },
  "targeted_eps": [
    0.1,
    0.2,
    0.3
  ],
  "targeted": {
    "whitebox": {
      "mlp": {
        "0.1": 0.698,
        "0.2": 0.9715,
        "0.3": 0.999
      },
      "cnn": {
        "0.1": 0.045,
        "0.2": 0.587,
        "0.3": 0.989
      },
      "lstm": {
        "0.1": 0.413,
        "0.2": 0.668,
        "0.3": 0.793
      },
      "ltc": {
        "0.1": 0.421,
        "0.2": 0.753,
        "0.3": 0.842
      }
    },
    "transfer_to_ltc": {
      "lstm_to_ltc": {
        "0.1": 0.062,
        "0.2": 0.1985,
        "0.3": 0.2735
      },
      "ltc_to_lstm": {
        "0.1": 0.0315,
        "0.2": 0.1055,
        "0.3": 0.1625
      }
    }
  },
  "corruptions": {
    "gaussian_noise": {
      "0": {
        "mlp": 0.9693333333333334,
        "cnn": 0.984,
        "lstm": 0.9683333333333334,
        "ltc": 0.9696666666666667
      },
      "1": {
        "mlp": 0.9636666666666667,
        "cnn": 0.9836666666666667,
        "lstm": 0.9613333333333334,
        "ltc": 0.9683333333333334
      },
      "2": {
        "mlp": 0.946,
        "cnn": 0.9843333333333333,
        "lstm": 0.9173333333333333,
        "ltc": 0.949
      },
      "3": {
        "mlp": 0.894,
        "cnn": 0.9843333333333333,
        "lstm": 0.7436666666666667,
        "ltc": 0.8756666666666667
      },
      "4": {
        "mlp": 0.7943333333333333,
        "cnn": 0.9836666666666667,
        "lstm": 0.555,
        "ltc": 0.7043333333333334
      },
      "5": {
        "mlp": 0.6766666666666666,
        "cnn": 0.9743333333333334,
        "lstm": 0.413,
        "ltc": 0.5523333333333333
      }
    },
    "gaussian_blur": {
      "0": {
        "mlp": 0.9693333333333334,
        "cnn": 0.984,
        "lstm": 0.9683333333333334,
        "ltc": 0.9696666666666667
      },
      "1": {
        "mlp": 0.9686666666666667,
        "cnn": 0.9833333333333333,
        "lstm": 0.966,
        "ltc": 0.9686666666666667
      },
      "2": {
        "mlp": 0.968,
        "cnn": 0.981,
        "lstm": 0.9583333333333334,
        "ltc": 0.955
      },
      "3": {
        "mlp": 0.965,
        "cnn": 0.9793333333333333,
        "lstm": 0.9446666666666667,
        "ltc": 0.9416666666666667
      },
      "4": {
        "mlp": 0.9533333333333334,
        "cnn": 0.9716666666666667,
        "lstm": 0.8646666666666667,
        "ltc": 0.8736666666666667
      },
      "5": {
        "mlp": 0.8843333333333333,
        "cnn": 0.933,
        "lstm": 0.5966666666666667,
        "ltc": 0.565
      }
    },
    "center_occlusion": {
      "0": {
        "mlp": 0.9693333333333334,
        "cnn": 0.984,
        "lstm": 0.9683333333333334,
        "ltc": 0.9696666666666667
      },
      "1": {
        "mlp": 0.874,
        "cnn": 0.943,
        "lstm": 0.86,
        "ltc": 0.794
      },
      "2": {
        "mlp": 0.59,
        "cnn": 0.721,
        "lstm": 0.5033333333333333,
        "ltc": 0.47433333333333333
      },
      "3": {
        "mlp": 0.30766666666666664,
        "cnn": 0.4046666666666667,
        "lstm": 0.2733333333333333,
        "ltc": 0.2836666666666667
      },
      "4": {
        "mlp": 0.25166666666666665,
        "cnn": 0.26066666666666666,
        "lstm": 0.17833333333333334,
        "ltc": 0.19333333333333333
      },
      "5": {
        "mlp": 0.14433333333333334,
        "cnn": 0.209,
        "lstm": 0.14366666666666666,
        "ltc": 0.156
      }
    }
  },
  "gradient_alignment": {
    "mlp|cnn": {
      "cos_mean": 0.14379471570982727,
      "cos_std": 0.064805762376596,
      "sign_mean": 0.5338707760965917,
      "sign_std": 0.02787269736472179
    },
    "mlp|lstm": {
      "cos_mean": 0.24229266843609665,
      "cos_std": 0.14457099206346505,
      "sign_mean": 0.5752538568049204,
      "sign_std": 0.05365350136414507
    },
    "mlp|ltc": {
      "cos_mean": 0.1108921527446931,
      "cos_std": 0.13476186865887496,
      "sign_mean": 0.5336278811737429,
      "sign_std": 0.04742923497149958
    },
    "cnn|lstm": {
      "cos_mean": 0.12935537627215865,
      "cos_std": 0.08871967279880784,
      "sign_mean": 0.521219061629381,
      "sign_std": 0.0305231847450832
    },
    "cnn|ltc": {
      "cos_mean": 0.07061990240835314,
      "cos_std": 0.10238340893476339,
      "sign_mean": 0.5149311943096109,
      "sign_std": 0.03391276372020035
    },
    "lstm|ltc": {
      "cos_mean": 0.14721738148455188,
      "cos_std": 0.1842073133145074,
      "sign_mean": 0.5462297724443488,
      "sign_std": 0.0689981651972957
    }
  },
  "efficiency": {
    "mlp": {
      "params": 269322.0,
      "train_seconds": 10.377731540997047,
      "infer_ms_per_sample": 0.021236678117020347
    },
    "cnn": {
      "params": 1701130.0,