{
  "dataset": "qmnist",
  "seed": 42,
  "clean": {
    "mlp": 0.97525,
    "cnn": 0.9885833333333334,
    "lstm": 0.9739,
    "ltc": 0.9751666666666666
  },
  "whitebox": {
    "fgsm": {
      "mlp": {
        "0.0": 0.9703333333333334,
        "0.05": 0.3993333333333333,
        "0.1": 0.055,
        "0.15": 0.014666666666666666,
        "0.2": 0.007666666666666666,
        "0.3": 0.003
      },
      "cnn": {
        "0.0": 0.985,
        "0.05": 0.95,
        "0.1": 0.855,
        "0.15": 0.6846666666666666,
        "0.2": 0.42966666666666664,
        "0.3": 0.08966666666666667
      },
      "lstm": {
        "0.0": 0.9653333333333334,
        "0.05": 0.618,
        "0.1": 0.29633333333333334,
        "0.15": 0.15566666666666668,
        "0.2": 0.087,
        "0.3": 0.044333333333333336
      },
      "ltc": {
        "0.0": 0.969,
        "0.05": 0.6816666666666666,
        "0.1": 0.3516666666666667,
        "0.15": 0.15833333333333333,
        "0.2": 0.08566666666666667,
        "0.3": 0.049
      }
    },
    "pgd": {
      "mlp": {
        "0.0": 0.9703333333333334,
        "0.05": 0.322,
        "0.1": 0.015,
        "0.15": 0.0,
        "0.2": 0.0,
        "0.3": 0.0
      },
      "cnn": {
        "0.0": 0.985,
        "0.05": 0.9456666666666667,
        "0.1": 0.7993333333333333,
        "0.15": 0.39166666666666666,
        "0.2": 0.04033333333333333,
        "0.3": 0.0
      },
      "lstm": {
        "0.0": 0.9653333333333334,
        "0.05": 0.43066666666666664,
        "0.1": 0.07366666666666667,
        "0.15": 0.015666666666666666,
        "0.2": 0.0023333333333333335,
        "0.3": 0.0006666666666666666
      },
      "ltc": {
        "0.0": 0.969,
        "0.05": 0.4226666666666667,
        "0.1": 0.03266666666666666,
        "0.15": 0.0023333333333333335,
        "0.2": 0.0013333333333333333,
        "0.3": 0.0006666666666666666
      }
    }
  },
  "transfer_eps": 0.2,
  "transfer": {
    "fgsm": {
      "mlp": {
        "mlp": 0.007666666666666666,
        "cnn": 0.8636666666666667,
        "lstm": 0.188,
        "ltc": 0.322
      },
      "cnn": {
        "mlp": 0.442,
        "cnn": 0.42966666666666664,
        "lstm": 0.26166666666666666,
        "ltc": 0.41
      },
      "lstm": {
        "mlp": 0.197,
        "cnn": 0.871,
        "lstm": 0.087,
        "ltc": 0.33466666666666667
      },
      "ltc": {
        "mlp": 0.46166666666666667,
        "cnn": 0.8896666666666667,
        "lstm": 0.351,
        "ltc": 0.08566666666666667
      }
    },
    "pgd": {
      "mlp": {
        "mlp": 0.0,
        "cnn": 0.8946666666666667,
        "lstm": 0.216,
        "ltc": 0.356
      },
      "cnn": {
        "mlp": 0.41733333333333333,
        "cnn": 0.038,
        "lstm": 0.286,
        "ltc": 0.3943333333333333
      },
      "lstm": {
        "mlp": 0.43266666666666664,
        "cnn": 0.962,
        "lstm": 0.0013333333333333333,
        "ltc": 0.4056666666666667
      },
      "ltc": {
        "mlp": 0.49633333333333335,
        "cnn": 0.9513333333333334,
        "lstm": 0.30233333333333334,
        "ltc": 0.003
      }
    }
  },
  "targeted_eps": [
    0.1,
    0.2,
    0.3
  ],
  "targeted": {
    "whitebox": {
      "mlp": {
        "0.1": 0.732,
        "0.2": 0.9795,
        "0.3": 0.9975
      },
      "cnn": {
        "0.1": 0.027,
        "0.2": 0.598,
        "0.3": 0.996
      },
      "lstm": {
        "0.1": 0.4195,
        "0.2": 0.6615,
        "0.3": 0.766
      },
      "ltc": {
        "0.1": 0.443,
        "0.2": 0.7755,
        "0.3": 0.8645
      }
    },
    "transfer_to_ltc": {
      "lstm_to_ltc": {
        "0.1": 0.0195,
        "0.2": 0.094,
        "0.3": 0.16
      },
      "ltc_to_lstm": {
        "0.1": 0.024,
        "0.2": 0.07,
        "0.3": 0.1225
      }
    }
  },
  "corruptions": {
    "gaussian_noise": {
      "0": {
        "mlp": 0.9703333333333334,
        "cnn": 0.985,
        "lstm": 0.9653333333333334,
        "ltc": 0.969
      },
      "1": {
        "mlp": 0.964,
        "cnn": 0.986,
        "lstm": 0.9613333333333334,
        "ltc": 0.9676666666666667
      },
      "2": {
        "mlp": 0.9483333333333334,
        "cnn": 0.9843333333333333,
        "lstm": 0.843,
        "ltc": 0.9473333333333334
      },
      "3": {
        "mlp": 0.888,
        "cnn": 0.9843333333333333,
        "lstm": 0.609,
        "ltc": 0.9126666666666666
      },
      "4": {
        "mlp": 0.8043333333333333,
        "cnn": 0.9846666666666667,
        "lstm": 0.4666666666666667,
        "ltc": 0.8463333333333334
      },
      "5": {
        "mlp": 0.712,
        "cnn": 0.9803333333333333,
        "lstm": 0.353,
        "ltc": 0.7613333333333333
      }
    },
    "gaussian_blur": {
      "0": {
        "mlp": 0.9703333333333334,
        "cnn": 0.985,
        "lstm": 0.9653333333333334,
        "ltc": 0.969
      },
      "1": {
        "mlp": 0.9706666666666667,
        "cnn": 0.9853333333333333,
        "lstm": 0.962,
        "ltc": 0.9696666666666667
      },
      "2": {
        "mlp": 0.9676666666666667,
        "cnn": 0.9826666666666667,
        "lstm": 0.955,
        "ltc": 0.951
      },
      "3": {
        "mlp": 0.963,
        "cnn": 0.9786666666666667,
        "lstm": 0.9136666666666666,
        "ltc": 0.9036666666666666
      },
      "4": {
        "mlp": 0.9553333333333334,
        "cnn": 0.9683333333333334,
        "lstm": 0.803,
        "ltc": 0.7746666666666666
      },
      "5": {
        "mlp": 0.894,
        "cnn": 0.929,
        "lstm": 0.623,
        "ltc": 0.5283333333333333
      }
    },
    "center_occlusion": {
      "0": {
        "mlp": 0.9703333333333334,
        "cnn": 0.985,
        "lstm": 0.9653333333333334,
        "ltc": 0.969
      },
      "1": {
        "mlp": 0.874,
        "cnn": 0.958,
        "lstm": 0.829,
        "ltc": 0.8336666666666667
      },
      "2": {
        "mlp": 0.5766666666666667,
        "cnn": 0.734,
        "lstm": 0.532,
        "ltc": 0.446
      },
      "3": {
        "mlp": 0.306,
        "cnn": 0.47633333333333333,
        "lstm": 0.281,
        "ltc": 0.21766666666666667
      },
      "4": {
        "mlp": 0.23333333333333334,
        "cnn": 0.30466666666666664,
        "lstm": 0.15566666666666668,
        "ltc": 0.13233333333333333
      },
      "5": {
        "mlp": 0.14766666666666667,
        "cnn": 0.22833333333333333,
        "lstm": 0.136,
        "ltc": 0.15933333333333333
      }
    }
  },
  "gradient_alignment": {
    "mlp|cnn": {
      "cos_mean": 0.15904257270716193,
      "cos_std": 0.07324686047343261,
      "sign_mean": 0.5382814995537046,
      "sign_std": 0.027923096530129702
    },
    "mlp|lstm": {
      "cos_mean": 0.2211448525546305,
      "cos_std": 0.14920778414516195,
      "sign_mean": 0.5738973812549375,
      "sign_std": 0.052025402220233705
    },
    "mlp|ltc": {
      "cos_mean": 0.0946325543018248,
      "cos_std": 0.10921411985982288,
      "sign_mean": 0.5260819442919455,
      "sign_std": 0.04222681109256789
    },
    "cnn|lstm": {
      "cos_mean": 0.14556114792906527,
      "cos_std": 0.10541585067504262,
      "sign_mean": 0.5245598010951653,
      "sign_std": 0.03000236784395009
    },
    "cnn|ltc": {
      "cos_mean": 0.09187630666109214,
      "cos_std": 0.10364323347767944,
      "sign_mean": 0.5203583414258901,
      "sign_std": 0.03145610143132225
    },
    "lstm|ltc": {
      "cos_mean": 0.10660882631145796,
      "cos_std": 0.1734741995167138,
      "sign_mean": 0.5432838918059133,
      "sign_std": 0.07424807779080685
    }
  },
  "efficiency": {
    "mlp": {
      "params": 269322.0,
      "train_seconds": 14.129556750005577,
      "infer_ms_per_sample": 0.021828979492966027
    },
    "cnn": {
      "params": 1701130.0,
      "train_seconds": 13.21106449997751,
      "infer_ms_per_sample": 0.03219749355594104
    },
    "lstm": {
      "params": 82186.0,
      "train_seconds": 16.73257991700666,
      "infer_ms_per_sample": 0.02297230626027158
    },